flight_num,from,to
SG-8709,Delhi,Mumbai
SG-8157,Delhi,Mumbai
I5-764,Delhi,Mumbai
UK-995,Delhi,Mumbai
UK-963,Delhi,Mumbai
UK-945,Delhi,Mumbai
UK-927,Delhi,Mumbai
UK-951,Delhi,Mumbai
G8-334,Delhi,Mumbai
G8-336,Delhi,Mumbai
G8-392,Delhi,Mumbai
G8-338,Delhi,Mumbai
6E-5001,Delhi,Mumbai
6E-6202,Delhi,Mumbai
6E-549,Delhi,Mumbai
6E-6278,Delhi,Mumbai
AI-887,Delhi,Mumbai
AI-665,Delhi,Mumbai
I5-747,Delhi,Mumbai
G8-266,Delhi,Mumbai
G8-101,Delhi,Mumbai
G8-103,Delhi,Mumbai
AI-441,Delhi,Mumbai
6E-5328,Delhi,Mumbai
UK-933,Delhi,Mumbai
6E-2046,Delhi,Mumbai
I5-744,Delhi,Mumbai
SG-8169,Delhi,Mumbai
6E-5041,Delhi,Mumbai
G8-165,Delhi,Mumbai
6E-2373,Delhi,Mumbai
UK-813,Delhi,Mumbai
UK-817,Delhi,Mumbai
UK-819,Delhi,Mumbai
UK-801,Delhi,Mumbai
UK-815,Delhi,Mumbai
AI-453,Delhi,Mumbai
SG-2976,Delhi,Mumbai
AI-504,Delhi,Mumbai
AI-502,Delhi,Mumbai
AI-506,Delhi,Mumbai
AI-803,Delhi,Mumbai
AI-479,Delhi,Mumbai
SG-339,Delhi,Mumbai
UK-955,Delhi,Mumbai
UK-627,Delhi,Mumbai
I5-784,Delhi,Mumbai
AI-9643,Delhi,Mumbai
AI-540,Delhi,Mumbai
AI-429,Delhi,Mumbai
AI-439,Delhi,Mumbai
AI-9645,Delhi,Mumbai
6E-2193,Delhi,Mumbai
6E-2168,Delhi,Mumbai
6E-152,Delhi,Mumbai
6E-369,Delhi,Mumbai
UK-899,Delhi,Mumbai
AI-764,Delhi,Mumbai
UK-747,Delhi,Mumbai
UK-809,Delhi,Mumbai
UK-737,Delhi,Mumbai
6E-2338,Delhi,Mumbai
G8-237,Delhi,Mumbai
UK-871,Delhi,Mumbai
AI-762,Delhi,Mumbai
G8-1404,Delhi,Mumbai
AI-512,Delhi,Mumbai
AI-537,Delhi,Mumbai
UK-977,Delhi,Mumbai
6E-184,Delhi,Mumbai
SG-3002,Delhi,Mumbai
6E-2102,Delhi,Mumbai
AI-801,Delhi,Mumbai
UK-637,Delhi,Mumbai
UK-835,Delhi,Mumbai
AI-531,Delhi,Mumbai
UK-705,Delhi,Mumbai
UK-707,Delhi,Mumbai
UK-673,Delhi,Mumbai
AI-839,Delhi,Mumbai
UK-879,Delhi,Mumbai
G8-191,Delhi,Mumbai
AI-767,Delhi,Mumbai
AI-401,Delhi,Mumbai
AI-473,Delhi,Mumbai
G8-213,Delhi,Mumbai
AI-409,Delhi,Mumbai
UK-837,Delhi,Mumbai
AI-877,Delhi,Mumbai
SG-8803,Delhi,Mumbai
UK-985,Delhi,Mumbai
UK-953,Delhi,Mumbai
G8-346,Delhi,Mumbai
G8-330,Delhi,Mumbai
G8-323,Delhi,Mumbai
6E-218,Delhi,Mumbai
6E-6722,Delhi,Mumbai
AI-868,Delhi,Mumbai
AI-805,Delhi,Mumbai
AI-624,Delhi,Mumbai
G8-188,Delhi,Mumbai
AI-636,Delhi,Mumbai
6E-2022,Delhi,Mumbai
AI-469,Delhi,Mumbai
AI-542,Delhi,Mumbai
AI-560,Delhi,Mumbai
UK-683,Delhi,Mumbai
AI-403,Delhi,Mumbai
6E-2154,Delhi,Mumbai
AI-9843,Delhi,Mumbai
AI-544,Delhi,Mumbai
6E-282,Delhi,Mumbai
UK-859,Delhi,Mumbai
UK-829,Delhi,Mumbai
AI-9857,Delhi,Mumbai
6E-607,Delhi,Mumbai
AI-885,Delhi,Mumbai
SG-2277,Delhi,Mumbai
G8-719,Delhi,Mumbai
G8-119,Delhi,Mumbai
G8-717,Delhi,Mumbai
UK-706,Delhi,Mumbai
AI-465,Delhi,Mumbai
6E-5018,Delhi,Mumbai
UK-839,Delhi,Mumbai
UK-833,Delhi,Mumbai
AI-406,Delhi,Mumbai
AI-9809,Delhi,Mumbai
G8-286,Delhi,Mumbai
UK-847,Delhi,Mumbai
AI-411,Delhi,Mumbai
G8-113,Delhi,Mumbai
SG-8483,Delhi,Mumbai
AI-475,Delhi,Mumbai
6E-181,Delhi,Mumbai
6E-2092,Delhi,Mumbai
AI-9911,Delhi,Mumbai
6E-5063,Delhi,Mumbai
6E-7403,Delhi,Mumbai
UK-855,Delhi,Mumbai
AI-807,Delhi,Mumbai
G8-300,Delhi,Mumbai
AI-811,Delhi,Mumbai
AI-431,Delhi,Mumbai
SG-1089,Delhi,Mumbai
SG-1061,Delhi,Mumbai
SG-1063,Delhi,Mumbai
6E-2054,Delhi,Mumbai
AI-678,Delhi,Mumbai
G8-1010,Delhi,Mumbai
AI-435,Delhi,Mumbai
AI-499,Delhi,Mumbai
AI-9887,Delhi,Mumbai
AI-483,Delhi,Mumbai
G8-357,Delhi,Mumbai
AI-451,Delhi,Mumbai
AI-471,Delhi,Mumbai
SG-1091,Delhi,Mumbai
UK-981,Delhi,Mumbai
UK-975,Delhi,Mumbai
UK-993,Delhi,Mumbai
UK-943,Delhi,Mumbai
UK-941,Delhi,Mumbai
I5-721,Delhi,Mumbai
I5-773,Delhi,Mumbai
G8-199,Delhi,Mumbai
SG-8339,Delhi,Mumbai
AI-481,Delhi,Mumbai
AI-9939,Delhi,Mumbai
UK-811,Delhi,Mumbai
UK-807,Delhi,Mumbai
AI-9915,Delhi,Mumbai
6E-2137,Delhi,Mumbai
6E-2097,Delhi,Mumbai
6E-926,Delhi,Mumbai
AI-415,Delhi,Mumbai
G8-2401,Delhi,Mumbai
UK-727,Delhi,Mumbai
AI-423,Delhi,Mumbai
AI-865,Delhi,Mumbai
6E-2083,Delhi,Mumbai
AI-485,Delhi,Mumbai
6E-5088,Delhi,Mumbai
I5-740,Delhi,Mumbai
I5-482,Delhi,Mumbai
6E-2901,Delhi,Mumbai
6E-6261,Delhi,Mumbai
6E-2013,Delhi,Mumbai
I5-1529,Delhi,Mumbai
I5-741,Delhi,Mumbai
G8-7533,Delhi,Mumbai
G8-7534,Delhi,Mumbai
G8-7535,Delhi,Mumbai
G8-530,Delhi,Mumbai
G8-354,Delhi,Mumbai
G8-2501,Delhi,Mumbai
6E-171,Delhi,Mumbai
I5-788,Delhi,Mumbai
G8-211,Delhi,Mumbai
G8-7553,Delhi,Mumbai
G8-2509,Delhi,Mumbai
G8-194,Delhi,Mumbai
G8-2609,Delhi,Mumbai
6E-2042,Delhi,Mumbai
G8-713,Delhi,Mumbai
I5-798,Delhi,Mumbai
I5-775,Delhi,Mumbai
G8-7541,Delhi,Mumbai
G8-2403,Delhi,Mumbai
G8-203,Delhi,Mumbai
G8-209,Delhi,Mumbai
AI-837,Delhi,Mumbai
I5-881,Delhi,Mumbai
6E-5329,Delhi,Mumbai
6E-2081,Delhi,Mumbai
6E-573,Delhi,Mumbai
AI-491,Delhi,Mumbai
AI-883,Delhi,Mumbai
AI-9609,Delhi,Mumbai
AI-9015,Delhi,Mumbai
SG-9974,Delhi,Mumbai
AI-9017,Delhi,Mumbai
6E-865,Delhi,Mumbai
I5-735,Delhi,Mumbai
6E-2033,Delhi,Mumbai
6E-6245,Delhi,Mumbai
6E-5042,Delhi,Mumbai
SG-8723,Delhi,Mumbai
SG-8701,Delhi,Mumbai
6E-2519,Delhi,Mumbai
6E-153,Delhi,Mumbai
6E-5026,Delhi,Mumbai
6E-5087,Delhi,Mumbai
6E-736,Delhi,Mumbai
AI-861,Delhi,Mumbai
6E-6939,Delhi,Mumbai
6E-6231,Delhi,Mumbai
AI-437,Delhi,Mumbai
6E-212,Delhi,Mumbai
6E-7336,Delhi,Mumbai
6E-6098,Delhi,Mumbai
6E-698,Delhi,Mumbai
UK-812,Delhi,Mumbai
AI-641,Delhi,Mumbai
SG-2643,Delhi,Mumbai
G8-268,Delhi,Mumbai
G8-207,Delhi,Mumbai
G8-404,Delhi,Mumbai
6E-7348,Delhi,Mumbai
6E-2274,Delhi,Mumbai
G8-105,Delhi,Mumbai
G8-2511,Delhi,Mumbai
G8-143,Delhi,Mumbai
6E-2176,Delhi,Mumbai
6E-864,Delhi,Mumbai
G8-108,Delhi,Mumbai
AI-407,Delhi,Mumbai
AI-487,Delhi,Mumbai
G8-107,Delhi,Mumbai
UK-671,Delhi,Mumbai
SG-191,Delhi,Bangalore
I5-1529,Delhi,Bangalore
UK-815,Delhi,Bangalore
UK-801,Delhi,Bangalore
UK-819,Delhi,Bangalore
UK-817,Delhi,Bangalore
UK-813,Delhi,Bangalore
6E-2026,Delhi,Bangalore
6E-5175,Delhi,Bangalore
6E-2188,Delhi,Bangalore
6E-654,Delhi,Bangalore
6E-2028,Delhi,Bangalore
AI-803,Delhi,Bangalore
AI-506,Delhi,Bangalore
AI-502,Delhi,Bangalore
AI-504,Delhi,Bangalore
I5-548,Delhi,Bangalore
I5-764,Delhi,Bangalore
G8-392,Delhi,Bangalore
G8-336,Delhi,Bangalore
G8-338,Delhi,Bangalore
G8-143,Delhi,Bangalore
SG-8185,Delhi,Bangalore
SG-8946,Delhi,Bangalore
I5-784,Delhi,Bangalore
I5-747,Delhi,Bangalore
I5-744,Delhi,Bangalore
AI-542,Delhi,Bangalore
UK-995,Delhi,Bangalore
UK-951,Delhi,Bangalore
UK-945,Delhi,Bangalore
UK-927,Delhi,Bangalore
UK-963,Delhi,Bangalore
6E-2471,Delhi,Bangalore
6E-186,Delhi,Bangalore
AI-441,Delhi,Bangalore
AI-665,Delhi,Bangalore
UK-933,Delhi,Bangalore
G8-165,Delhi,Bangalore
AI-512,Delhi,Bangalore
G8-2513,Delhi,Bangalore
AI-415,Delhi,Bangalore
UK-953,Delhi,Bangalore
G8-131,Delhi,Bangalore
I5-775,Delhi,Bangalore
6E-2147,Delhi,Bangalore
6E-198,Delhi,Bangalore
AI-409,Delhi,Bangalore
G8-1404,Delhi,Bangalore
AI-431,Delhi,Bangalore
6E-152,Delhi,Bangalore
G8-133,Delhi,Bangalore
6E-6205,Delhi,Bangalore
6E-2247,Delhi,Bangalore
6E-2005,Delhi,Bangalore
I5-767,Delhi,Bangalore
I5-798,Delhi,Bangalore
I5-792,Delhi,Bangalore
I5-783,Delhi,Bangalore
AI-473,Delhi,Bangalore
UK-747,Delhi,Bangalore
UK-955,Delhi,Bangalore
AI-459,Delhi,Bangalore
UK-741,Delhi,Bangalore
SG-3002,Delhi,Bangalore
AI-839,Delhi,Bangalore
AI-467,Delhi,Bangalore
SG-143,Delhi,Bangalore
6E-2914,Delhi,Bangalore
6E-2901,Delhi,Bangalore
6E-788,Delhi,Bangalore
6E-2616,Delhi,Bangalore
6E-2338,Delhi,Bangalore
UK-705,Delhi,Bangalore
6E-369,Delhi,Bangalore
UK-673,Delhi,Bangalore
AI-762,Delhi,Bangalore
AI-764,Delhi,Bangalore
AI-9843,Delhi,Bangalore
AI-877,Delhi,Bangalore
I5-740,Delhi,Bangalore
UK-809,Delhi,Bangalore
G8-119,Delhi,Bangalore
6E-2336,Delhi,Bangalore
6E-2131,Delhi,Bangalore
I5-710,Delhi,Bangalore
I5-711,Delhi,Bangalore
G8-330,Delhi,Bangalore
G8-346,Delhi,Bangalore
G8-323,Delhi,Bangalore
SG-8938,Delhi,Bangalore
I5-768,Delhi,Bangalore
AI-560,Delhi,Bangalore
UK-985,Delhi,Bangalore
UK-977,Delhi,Bangalore
AI-805,Delhi,Bangalore
AI-624,Delhi,Bangalore
AI-868,Delhi,Bangalore
AI-636,Delhi,Bangalore
AI-544,Delhi,Bangalore
6E-2373,Delhi,Bangalore
G8-334,Delhi,Bangalore
G8-171,Delhi,Bangalore
AI-465,Delhi,Bangalore
6E-221,Delhi,Bangalore
G8-717,Delhi,Bangalore
SG-8721,Delhi,Bangalore
UK-637,Delhi,Bangalore
6E-2331,Delhi,Bangalore
SG-8645,Delhi,Bangalore
SG-8171,Delhi,Bangalore
AI-401,Delhi,Bangalore
AI-885,Delhi,Bangalore
SG-8411,Delhi,Bangalore
G8-286,Delhi,Bangalore
G8-113,Delhi,Bangalore
G8-300,Delhi,Bangalore
SG-8207,Delhi,Bangalore
G8-173,Delhi,Bangalore
AI-887,Delhi,Bangalore
6E-7403,Delhi,Bangalore
I5-779,Delhi,Bangalore
AI-9643,Delhi,Bangalore
6E-2769,Delhi,Bangalore
UK-847,Delhi,Bangalore
AI-807,Delhi,Bangalore
UK-871,Delhi,Bangalore
UK-879,Delhi,Bangalore
6E-5059,Delhi,Bangalore
6E-7407,Delhi,Bangalore
G8-101,Delhi,Bangalore
AI-411,Delhi,Bangalore
I5-787,Delhi,Bangalore
SG-5007,Delhi,Bangalore
SG-6001,Delhi,Bangalore
SG-534,Delhi,Bangalore
6E-2036,Delhi,Bangalore
I5-550,Delhi,Bangalore
UK-899,Delhi,Bangalore
UK-859,Delhi,Bangalore
AI-678,Delhi,Bangalore
UK-855,Delhi,Bangalore
AI-811,Delhi,Bangalore
UK-706,Delhi,Bangalore
AI-9887,Delhi,Bangalore
AI-767,Delhi,Bangalore
AI-423,Delhi,Bangalore
SG-5012,Delhi,Bangalore
UK-807,Delhi,Bangalore
UK-811,Delhi,Bangalore
I5-721,Delhi,Bangalore
G8-103,Delhi,Bangalore
SG-8941,Delhi,Bangalore
UK-829,Delhi,Bangalore
UK-993,Delhi,Bangalore
UK-975,Delhi,Bangalore
UK-941,Delhi,Bangalore
UK-981,Delhi,Bangalore
UK-943,Delhi,Bangalore
AI-9809,Delhi,Bangalore
6E-772,Delhi,Bangalore
I5-773,Delhi,Bangalore
6E-967,Delhi,Bangalore
AI-837,Delhi,Bangalore
6E-2753,Delhi,Bangalore
UK-721,Delhi,Bangalore
G8-237,Delhi,Bangalore
AI-865,Delhi,Bangalore
6E-2083,Delhi,Bangalore
6E-5088,Delhi,Bangalore
I5-791,Delhi,Bangalore
SG-8910,Delhi,Bangalore
AI-9915,Delhi,Bangalore
I5-713,Delhi,Bangalore
G8-275,Delhi,Bangalore
G8-422,Delhi,Bangalore
AI-479,Delhi,Bangalore
I5-559,Delhi,Bangalore
G8-7549,Delhi,Bangalore
G8-2511,Delhi,Bangalore
G8-2501,Delhi,Bangalore
G8-7535,Delhi,Bangalore
G8-7533,Delhi,Bangalore
G8-530,Delhi,Bangalore
G8-7534,Delhi,Bangalore
G8-7541,Delhi,Bangalore
G8-231,Delhi,Bangalore
G8-354,Delhi,Bangalore
G8-211,Delhi,Bangalore
6E-2343,Delhi,Bangalore
G8-7555,Delhi,Bangalore
G8-145,Delhi,Bangalore
I5-881,Delhi,Bangalore
6E-2478,Delhi,Bangalore
6E-2348,Delhi,Bangalore
6E-2082,Delhi,Bangalore
6E-6233,Delhi,Bangalore
SG-339,Delhi,Bangalore
6E-2249,Delhi,Bangalore
AI-883,Delhi,Bangalore
AI-491,Delhi,Bangalore
G8-7542,Delhi,Bangalore
I5-741,Delhi,Bangalore
SG-8169,Delhi,Bangalore
SG-480,Delhi,Bangalore
6E-552,Delhi,Bangalore
6E-951,Delhi,Bangalore
6E-286,Delhi,Bangalore
6E-6245,Delhi,Bangalore
6E-6264,Delhi,Bangalore
6E-5042,Delhi,Bangalore
6E-177,Delhi,Bangalore
6E-767,Delhi,Bangalore
6E-212,Delhi,Bangalore
6E-7348,Delhi,Bangalore
6E-5014,Delhi,Bangalore
SG-8723,Delhi,Bangalore
SG-8701,Delhi,Bangalore
G8-1171,Delhi,Bangalore
I5-735,Delhi,Bangalore
SG-8191,Delhi,Bangalore
6E-2048,Delhi,Bangalore
6E-6612,Delhi,Bangalore
6E-308,Delhi,Bangalore
6E-781,Delhi,Bangalore
SG-8905,Delhi,Bangalore
6E-6565,Delhi,Bangalore
6E-2015,Delhi,Bangalore
SG-197,Delhi,Bangalore
G8-268,Delhi,Bangalore
6E-7336,Delhi,Bangalore
6E-6098,Delhi,Bangalore
6E-963,Delhi,Bangalore
SG-389,Delhi,Bangalore
AI-889,Delhi,Bangalore
SG-946,Delhi,Bangalore
G8-404,Delhi,Bangalore
AI-540,Delhi,Bangalore
AI-407,Delhi,Bangalore
AI-406,Delhi,Bangalore
AI-801,Delhi,Bangalore
AI-429,Delhi,Bangalore
AI-439,Delhi,Bangalore
G8-188,Delhi,Bangalore
G8-108,Delhi,Bangalore
SG-8480,Delhi,Bangalore
AI-861,Delhi,Bangalore
G8-2201,Delhi,Bangalore
G8-101,Delhi,Kolkata
G8-103,Delhi,Kolkata
6E-353,Delhi,Kolkata
6E-483,Delhi,Kolkata
G8-392,Delhi,Kolkata
G8-336,Delhi,Kolkata
6E-181,Delhi,Kolkata
6E-5014,Delhi,Kolkata
I5-548,Delhi,Kolkata
6E-2106,Delhi,Kolkata
SG-8253,Delhi,Kolkata
UK-747,Delhi,Kolkata
AI-764,Delhi,Kolkata
UK-737,Delhi,Kolkata
6E-912,Delhi,Kolkata
6E-2057,Delhi,Kolkata
6E-6238,Delhi,Kolkata
6E-2485,Delhi,Kolkata
AI-762,Delhi,Kolkata
6E-6271,Delhi,Kolkata
6E-2513,Delhi,Kolkata
6E-755,Delhi,Kolkata
UK-705,Delhi,Kolkata
6E-2615,Delhi,Kolkata
6E-397,Delhi,Kolkata
AI-415,Delhi,Kolkata
SG-8903,Delhi,Kolkata
6E-282,Delhi,Kolkata
UK-707,Delhi,Kolkata
AI-401,Delhi,Kolkata
AI-767,Delhi,Kolkata
SG-8187,Delhi,Kolkata
UK-641,Delhi,Kolkata
6E-6195,Delhi,Kolkata
G8-153,Delhi,Kolkata
I5-1529,Delhi,Kolkata
AI-891,Delhi,Kolkata
6E-2178,Delhi,Kolkata
AI-504,Delhi,Kolkata
AI-542,Delhi,Kolkata
AI-502,Delhi,Kolkata
UK-963,Delhi,Kolkata
UK-951,Delhi,Kolkata
UK-945,Delhi,Kolkata
UK-995,Delhi,Kolkata
AI-540,Delhi,Kolkata
AI-429,Delhi,Kolkata
G8-323,Delhi,Kolkata
G8-275,Delhi,Kolkata
6E-2032,Delhi,Kolkata
AI-441,Delhi,Kolkata
AI-665,Delhi,Kolkata
AI-887,Delhi,Kolkata
6E-2181,Delhi,Kolkata
AI-483,Delhi,Kolkata
UK-927,Delhi,Kolkata
AI-453,Delhi,Kolkata
6E-6278,Delhi,Kolkata
6E-6971,Delhi,Kolkata
AI-479,Delhi,Kolkata
6E-5031,Delhi,Kolkata
6E-2338,Delhi,Kolkata
UK-933,Delhi,Kolkata
6E-2247,Delhi,Kolkata
6E-6205,Delhi,Kolkata
6E-6202,Delhi,Kolkata
AI-537,Delhi,Kolkata
G8-338,Delhi,Kolkata
G8-334,Delhi,Kolkata
6E-5001,Delhi,Kolkata
AI-485,Delhi,Kolkata
6E-2005,Delhi,Kolkata
AI-879,Delhi,Kolkata
AI-839,Delhi,Kolkata
SG-2976,Delhi,Kolkata
UK-955,Delhi,Kolkata
AI-469,Delhi,Kolkata
6E-5073,Delhi,Kolkata
I5-747,Delhi,Kolkata
I5-784,Delhi,Kolkata
G8-717,Delhi,Kolkata
UK-985,Delhi,Kolkata
UK-817,Delhi,Kolkata
UK-819,Delhi,Kolkata
SG-8152,Delhi,Kolkata
6E-2089,Delhi,Kolkata
6E-2329,Delhi,Kolkata
I5-711,Delhi,Kolkata
I5-783,Delhi,Kolkata
I5-740,Delhi,Kolkata
G8-330,Delhi,Kolkata
G8-346,Delhi,Kolkata
G8-2513,Delhi,Kolkata
SG-8106,Delhi,Kolkata
6E-2148,Delhi,Kolkata
SG-480,Delhi,Kolkata
SG-8721,Delhi,Kolkata
I5-768,Delhi,Kolkata
SG-8263,Delhi,Kolkata
I5-550,Delhi,Kolkata
6E-2367,Delhi,Kolkata
6E-2001,Delhi,Kolkata
6E-398,Delhi,Kolkata
6E-889,Delhi,Kolkata
6E-761,Delhi,Kolkata
6E-5012,Delhi,Kolkata
6E-6187,Delhi,Kolkata
6E-186,Delhi,Kolkata
AI-803,Delhi,Kolkata
AI-560,Delhi,Kolkata
UK-977,Delhi,Kolkata
UK-953,Delhi,Kolkata
6E-2043,Delhi,Kolkata
AI-868,Delhi,Kolkata
AI-636,Delhi,Kolkata
AI-805,Delhi,Kolkata
AI-624,Delhi,Kolkata
AI-544,Delhi,Kolkata
G8-422,Delhi,Kolkata
AI-439,Delhi,Kolkata
6E-5336,Delhi,Kolkata
6E-2331,Delhi,Kolkata
AI-409,Delhi,Kolkata
AI-877,Delhi,Kolkata
6E-2031,Delhi,Kolkata
6E-2841,Delhi,Kolkata
6E-387,Delhi,Kolkata
G8-171,Delhi,Kolkata
6E-198,Delhi,Kolkata
6E-2154,Delhi,Kolkata
6E-5041,Delhi,Kolkata
AI-9991,Delhi,Kolkata
G8-237,Delhi,Kolkata
AI-473,Delhi,Kolkata
6E-2046,Delhi,Kolkata
6E-6171,Delhi,Kolkata
6E-7403,Delhi,Kolkata
6E-926,Delhi,Kolkata
UK-871,Delhi,Kolkata
UK-879,Delhi,Kolkata
UK-815,Delhi,Kolkata
UK-801,Delhi,Kolkata
UK-899,Delhi,Kolkata
AI-807,Delhi,Kolkata
UK-637,Delhi,Kolkata
AI-506,Delhi,Kolkata
G8-113,Delhi,Kolkata
6E-218,Delhi,Kolkata
6E-2769,Delhi,Kolkata
AI-895,Delhi,Kolkata
AI-889,Delhi,Kolkata
AI-678,Delhi,Kolkata
6E-5003,Delhi,Kolkata
AI-423,Delhi,Kolkata
UK-829,Delhi,Kolkata
UK-727,Delhi,Kolkata
I5-721,Delhi,Kolkata
6E-358,Delhi,Kolkata
UK-981,Delhi,Kolkata
UK-941,Delhi,Kolkata
6E-6613,Delhi,Kolkata
UK-993,Delhi,Kolkata
UK-943,Delhi,Kolkata
UK-975,Delhi,Kolkata
UK-706,Delhi,Kolkata
UK-811,Delhi,Kolkata
AI-489,Delhi,Kolkata
6E-2109,Delhi,Kolkata
6E-2517,Delhi,Kolkata
G8-286,Delhi,Kolkata
6E-2083,Delhi,Kolkata
6E-2137,Delhi,Kolkata
6E-6636,Delhi,Kolkata
6E-128,Delhi,Kolkata
AI-837,Delhi,Kolkata
UK-813,Delhi,Kolkata
SG-1072,Delhi,Kolkata
AI-865,Delhi,Kolkata
6E-2097,Delhi,Kolkata
6E-549,Delhi,Kolkata
6E-148,Delhi,Kolkata
G8-423,Delhi,Kolkata
G8-7535,Delhi,Kolkata
G8-7534,Delhi,Kolkata
G8-354,Delhi,Kolkata
G8-7533,Delhi,Kolkata
G8-713,Delhi,Kolkata
I5-829,Delhi,Kolkata
6E-171,Delhi,Kolkata
G8-1404,Delhi,Kolkata
G8-530,Delhi,Kolkata
G8-2501,Delhi,Kolkata
UK-859,Delhi,Kolkata
SG-1074,Delhi,Kolkata
G8-145,Delhi,Kolkata
G8-7549,Delhi,Kolkata
6E-2343,Delhi,Kolkata
6E-6261,Delhi,Kolkata
6E-2478,Delhi,Kolkata
6E-221,Delhi,Kolkata
6E-2102,Delhi,Kolkata
6E-251,Delhi,Kolkata
AI-9887,Delhi,Kolkata
I5-737,Delhi,Kolkata
SG-8941,Delhi,Kolkata
I5-735,Delhi,Kolkata
6E-5037,Delhi,Kolkata
6E-6096,Delhi,Kolkata
6E-6186,Delhi,Kolkata
6E-767,Delhi,Kolkata
G8-188,Delhi,Kolkata
G8-268,Delhi,Kolkata
6E-2087,Delhi,Kolkata
6E-6198,Delhi,Kolkata
6E-7336,Delhi,Kolkata
6E-5026,Delhi,Kolkata
6E-5016,Delhi,Kolkata
6E-6098,Delhi,Kolkata
6E-307,Delhi,Kolkata
6E-947,Delhi,Kolkata
6E-2016,Delhi,Kolkata
G8-105,Delhi,Kolkata
SG-263,Delhi,Kolkata
SG-292,Delhi,Kolkata
6E-546,Delhi,Kolkata
6E-972,Delhi,Kolkata
AI-407,Delhi,Kolkata
6E-6197,Delhi,Kolkata
6E-177,Delhi,Kolkata
6E-5071,Delhi,Kolkata
G8-404,Delhi,Kolkata
6E-2168,Delhi,Kolkata
G8-151,Delhi,Kolkata
6E-6282,Delhi,Kolkata
SG-8195,Delhi,Kolkata
AI-861,Delhi,Kolkata
UK-859,Delhi,Hyderabad
6E-2247,Delhi,Hyderabad
6E-2005,Delhi,Hyderabad
6E-6205,Delhi,Hyderabad
AI-542,Delhi,Hyderabad
AI-560,Delhi,Hyderabad
I5-747,Delhi,Hyderabad
SG-8946,Delhi,Hyderabad
AI-544,Delhi,Hyderabad
UK-829,Delhi,Hyderabad
UK-899,Delhi,Hyderabad
6E-2147,Delhi,Hyderabad
I5-1529,Delhi,Hyderabad
AI-459,Delhi,Hyderabad
AI-441,Delhi,Hyderabad
UK-871,Delhi,Hyderabad
UK-951,Delhi,Hyderabad
UK-945,Delhi,Hyderabad
UK-995,Delhi,Hyderabad
UK-963,Delhi,Hyderabad
6E-397,Delhi,Hyderabad
SG-8941,Delhi,Hyderabad
AI-469,Delhi,Hyderabad
AI-504,Delhi,Hyderabad
AI-502,Delhi,Hyderabad
AI-506,Delhi,Hyderabad
AI-803,Delhi,Hyderabad
G8-103,Delhi,Hyderabad
6E-2843,Delhi,Hyderabad
UK-933,Delhi,Hyderabad
AI-483,Delhi,Hyderabad
AI-479,Delhi,Hyderabad
I5-798,Delhi,Hyderabad
I5-775,Delhi,Hyderabad
AI-839,Delhi,Hyderabad
6E-6187,Delhi,Hyderabad
UK-813,Delhi,Hyderabad
UK-817,Delhi,Hyderabad
UK-819,Delhi,Hyderabad
AI-473,Delhi,Hyderabad
6E-2338,Delhi,Hyderabad
UK-955,Delhi,Hyderabad
6E-2479,Delhi,Hyderabad
AI-540,Delhi,Hyderabad
AI-429,Delhi,Hyderabad
AI-439,Delhi,Hyderabad
UK-747,Delhi,Hyderabad
AI-767,Delhi,Hyderabad
AI-401,Delhi,Hyderabad
UK-985,Delhi,Hyderabad
UK-977,Delhi,Hyderabad
AI-537,Delhi,Hyderabad
UK-927,Delhi,Hyderabad
UK-705,Delhi,Hyderabad
UK-673,Delhi,Hyderabad
AI-877,Delhi,Hyderabad
UK-707,Delhi,Hyderabad
I5-740,Delhi,Hyderabad
G8-188,Delhi,Hyderabad
6E-967,Delhi,Hyderabad
G8-422,Delhi,Hyderabad
UK-879,Delhi,Hyderabad
6E-2331,Delhi,Hyderabad
I5-550,Delhi,Hyderabad
UK-953,Delhi,Hyderabad
AI-636,Delhi,Hyderabad
AI-665,Delhi,Hyderabad
AI-887,Delhi,Hyderabad
AI-805,Delhi,Hyderabad
AI-624,Delhi,Hyderabad
AI-467,Delhi,Hyderabad
6E-358,Delhi,Hyderabad
UK-737,Delhi,Hyderabad
6E-2102,Delhi,Hyderabad
AI-885,Delhi,Hyderabad
G8-286,Delhi,Hyderabad
G8-300,Delhi,Hyderabad
SG-958,Delhi,Hyderabad
AI-493,Delhi,Hyderabad
I5-779,Delhi,Hyderabad
AI-764,Delhi,Hyderabad
AI-762,Delhi,Hyderabad
AI-807,Delhi,Hyderabad
SG-6027,Delhi,Hyderabad
I5-783,Delhi,Hyderabad
I5-787,Delhi,Hyderabad
AI-678,Delhi,Hyderabad
UK-637,Delhi,Hyderabad
6E-2938,Delhi,Hyderabad
UK-809,Delhi,Hyderabad
UK-801,Delhi,Hyderabad
UK-815,Delhi,Hyderabad
UK-706,Delhi,Hyderabad
AI-453,Delhi,Hyderabad
AI-423,Delhi,Hyderabad
6E-552,Delhi,Hyderabad
I5-721,Delhi,Hyderabad
UK-943,Delhi,Hyderabad
UK-975,Delhi,Hyderabad
UK-993,Delhi,Hyderabad
UK-981,Delhi,Hyderabad
UK-941,Delhi,Hyderabad
UK-807,Delhi,Hyderabad
UK-811,Delhi,Hyderabad
6E-128,Delhi,Hyderabad
AI-406,Delhi,Hyderabad
6E-2348,Delhi,Hyderabad
AI-837,Delhi,Hyderabad
6E-369,Delhi,Hyderabad
6E-2901,Delhi,Hyderabad
6E-2083,Delhi,Hyderabad
6E-788,Delhi,Hyderabad
6E-2939,Delhi,Hyderabad
AI-865,Delhi,Hyderabad
AI-481,Delhi,Hyderabad
AI-435,Delhi,Hyderabad
AI-489,Delhi,Hyderabad
G8-119,Delhi,Hyderabad
I5-713,Delhi,Hyderabad
6E-2346,Delhi,Hyderabad
G8-423,Delhi,Hyderabad
G8-7555,Delhi,Hyderabad
I5-829,Delhi,Hyderabad
G8-7541,Delhi,Hyderabad
G8-211,Delhi,Hyderabad
G8-165,Delhi,Hyderabad
G8-2509,Delhi,Hyderabad
G8-101,Delhi,Hyderabad
G8-194,Delhi,Hyderabad
AI-868,Delhi,Hyderabad
6E-2076,Delhi,Hyderabad
6E-2478,Delhi,Hyderabad
6E-2618,Delhi,Hyderabad
6E-2107,Delhi,Hyderabad
6E-2249,Delhi,Hyderabad
AI-883,Delhi,Hyderabad
G8-275,Delhi,Hyderabad
G8-171,Delhi,Hyderabad
G8-2513,Delhi,Hyderabad
6E-212,Delhi,Hyderabad
6E-943,Delhi,Hyderabad
6E-546,Delhi,Hyderabad
6E-736,Delhi,Hyderabad
I5-735,Delhi,Hyderabad
6E-767,Delhi,Hyderabad
6E-2274,Delhi,Hyderabad
6E-5014,Delhi,Hyderabad
6E-6231,Delhi,Hyderabad
6E-6023,Delhi,Hyderabad
6E-5042,Delhi,Hyderabad
G8-717,Delhi,Hyderabad
6E-6189,Delhi,Hyderabad
6E-307,Delhi,Hyderabad
6E-947,Delhi,Hyderabad
6E-635,Delhi,Hyderabad
6E-963,Delhi,Hyderabad
G8-113,Delhi,Hyderabad
G8-1171,Delhi,Hyderabad
G8-133,Delhi,Hyderabad
G8-131,Delhi,Hyderabad
G8-2511,Delhi,Hyderabad
G8-143,Delhi,Hyderabad
SG-946,Delhi,Hyderabad
SG-8968,Delhi,Hyderabad
G8-108,Delhi,Hyderabad
SG-8107,Delhi,Chennai
UK-833,Delhi,Chennai
UK-839,Delhi,Chennai
6E-6238,Delhi,Chennai
6E-2485,Delhi,Chennai
AI-439,Delhi,Chennai
AI-429,Delhi,Chennai
AI-540,Delhi,Chennai
SG-191,Delhi,Chennai
I5-747,Delhi,Chennai
6E-289,Delhi,Chennai
6E-6205,Delhi,Chennai
6E-2162,Delhi,Chennai
UK-835,Delhi,Chennai
6E-6187,Delhi,Chennai
6E-358,Delhi,Chennai
6E-2169,Delhi,Chennai
AI-542,Delhi,Chennai
6E-2147,Delhi,Chennai
AI-537,Delhi,Chennai
6E-5012,Delhi,Chennai
AI-544,Delhi,Chennai
6E-2061,Delhi,Chennai
6E-5175,Delhi,Chennai
6E-2026,Delhi,Chennai
6E-2005,Delhi,Chennai
6E-2247,Delhi,Chennai
AI-762,Delhi,Chennai
UK-837,Delhi,Chennai
SG-8157,Delhi,Chennai
AI-485,Delhi,Chennai
AI-767,Delhi,Chennai
AI-401,Delhi,Chennai
AI-839,Delhi,Chennai
UK-813,Delhi,Chennai
UK-817,Delhi,Chennai
UK-819,Delhi,Chennai
UK-801,Delhi,Chennai
UK-815,Delhi,Chennai
UK-955,Delhi,Chennai
6E-2193,Delhi,Chennai
6E-152,Delhi,Chennai
UK-747,Delhi,Chennai
SG-8169,Delhi,Chennai
SG-143,Delhi,Chennai
UK-737,Delhi,Chennai
UK-977,Delhi,Chennai
UK-705,Delhi,Chennai
UK-707,Delhi,Chennai
SG-8645,Delhi,Chennai
SG-8721,Delhi,Chennai
SG-8803,Delhi,Chennai
I5-550,Delhi,Chennai
I5-784,Delhi,Chennai
6E-2331,Delhi,Chennai
6E-2336,Delhi,Chennai
6E-967,Delhi,Chennai
AI-805,Delhi,Chennai
AI-624,Delhi,Chennai
AI-868,Delhi,Chennai
AI-441,Delhi,Chennai
AI-636,Delhi,Chennai
AI-665,Delhi,Chennai
AI-887,Delhi,Chennai
6E-2188,Delhi,Chennai
SG-8946,Delhi,Chennai
UK-963,Delhi,Chennai
UK-985,Delhi,Chennai
UK-953,Delhi,Chennai
6E-397,Delhi,Chennai
UK-995,Delhi,Chennai
UK-927,Delhi,Chennai
UK-951,Delhi,Chennai
UK-945,Delhi,Chennai
UK-933,Delhi,Chennai
UK-809,Delhi,Chennai
AI-764,Delhi,Chennai
SG-8171,Delhi,Chennai
UK-879,Delhi,Chennai
AI-885,Delhi,Chennai
AI-877,Delhi,Chennai
SG-8207,Delhi,Chennai
SG-8709,Delhi,Chennai
AI-560,Delhi,Chennai
SG-1071,Delhi,Chennai
SG-1056,Delhi,Chennai
SG-534,Delhi,Chennai
SG-480,Delhi,Chennai
AI-678,Delhi,Chennai
SG-8411,Delhi,Chennai
UK-673,Delhi,Chennai
UK-829,Delhi,Chennai
AI-423,Delhi,Chennai
6E-954,Delhi,Chennai
I5-721,Delhi,Chennai
UK-941,Delhi,Chennai
UK-993,Delhi,Chennai
UK-943,Delhi,Chennai
UK-975,Delhi,Chennai
UK-981,Delhi,Chennai
AI-481,Delhi,Chennai
AI-435,Delhi,Chennai
UK-811,Delhi,Chennai
UK-807,Delhi,Chennai
AI-403,Delhi,Chennai
6E-6739,Delhi,Chennai
SG-958,Delhi,Chennai
6E-2348,Delhi,Chennai
6E-654,Delhi,Chennai
6E-2028,Delhi,Chennai
6E-772,Delhi,Chennai
AI-837,Delhi,Chennai
UK-627,Delhi,Chennai
AI-865,Delhi,Chennai
I5-740,Delhi,Chennai
I5-787,Delhi,Chennai
I5-792,Delhi,Chennai
I5-783,Delhi,Chennai
AI-411,Delhi,Chennai
SG-8910,Delhi,Chennai
G8-330,Delhi,Chennai
G8-346,Delhi,Chennai
G8-323,Delhi,Chennai
I5-713,Delhi,Chennai
G8-7555,Delhi,Chennai
G8-275,Delhi,Chennai
G8-713,Delhi,Chennai
G8-7535,Delhi,Chennai
I5-1529,Delhi,Chennai
G8-2501,Delhi,Chennai
I5-559,Delhi,Chennai
G8-171,Delhi,Chennai
G8-7534,Delhi,Chennai
G8-392,Delhi,Chennai
G8-336,Delhi,Chennai
G8-2513,Delhi,Chennai
G8-717,Delhi,Chennai
G8-7533,Delhi,Chennai
G8-354,Delhi,Chennai
G8-7549,Delhi,Chennai
I5-710,Delhi,Chennai
I5-829,Delhi,Chennai
G8-338,Delhi,Chennai
I5-744,Delhi,Chennai
G8-334,Delhi,Chennai
G8-173,Delhi,Chennai
G8-530,Delhi,Chennai
G8-423,Delhi,Chennai
I5-881,Delhi,Chennai
6E-2478,Delhi,Chennai
SG-8193,Delhi,Chennai
6E-6233,Delhi,Chennai
6E-7403,Delhi,Chennai
6E-2618,Delhi,Chennai
AI-9015,Delhi,Chennai
UK-855,Delhi,Chennai
SG-8913,Delhi,Chennai
6E-2479,Delhi,Chennai
AI-406,Delhi,Chennai
AI-9017,Delhi,Chennai
G8-194,Delhi,Chennai
AI-883,Delhi,Chennai
AI-465,Delhi,Chennai
I5-548,Delhi,Chennai
6E-5014,Delhi,Chennai
6E-552,Delhi,Chennai
SG-8103,Delhi,Chennai
SG-107,Delhi,Chennai
I5-735,Delhi,Chennai
6E-2719,Delhi,Chennai
6E-7336,Delhi,Chennai
6E-943,Delhi,Chennai
6E-6231,Delhi,Chennai
6E-6098,Delhi,Chennai
6E-767,Delhi,Chennai
6E-546,Delhi,Chennai
6E-6245,Delhi,Chennai
6E-635,Delhi,Chennai
SG-8723,Delhi,Chennai
SG-8701,Delhi,Chennai
6E-5071,Delhi,Chennai
6E-963,Delhi,Chennai
UK-812,Delhi,Chennai
UK-671,Delhi,Chennai
SG-946,Delhi,Chennai
SG-8185,Delhi,Chennai
AI-504,Delhi,Chennai
AI-807,Delhi,Chennai
AI-502,Delhi,Chennai
AI-506,Delhi,Chennai
AI-801,Delhi,Chennai
AI-803,Delhi,Chennai
AI-459,Delhi,Chennai
AI-491,Delhi,Chennai
AI-409,Delhi,Chennai
UK-994,Mumbai,Delhi
UK-910,Mumbai,Delhi
G8-339,Mumbai,Delhi
6E-6004,Mumbai,Delhi
6E-2077,Mumbai,Delhi
AI-888,Mumbai,Delhi
AI-867,Mumbai,Delhi
AI-660,Mumbai,Delhi
G8-351,Mumbai,Delhi
AI-442,Mumbai,Delhi
UK-958,Mumbai,Delhi
UK-960,Mumbai,Delhi
SG-8710,Mumbai,Delhi
SG-8158,Mumbai,Delhi
I5-942,Mumbai,Delhi
6E-416,Mumbai,Delhi
UK-940,Mumbai,Delhi
UK-944,Mumbai,Delhi
6E-939,Mumbai,Delhi
6E-168,Mumbai,Delhi
AI-631,Mumbai,Delhi
I5-631,Mumbai,Delhi
UK-996,Mumbai,Delhi
6E-5382,Mumbai,Delhi
6E-6201,Mumbai,Delhi
6E-176,Mumbai,Delhi
6E-6222,Mumbai,Delhi
AI-639,Mumbai,Delhi
AI-649,Mumbai,Delhi
UK-988,Mumbai,Delhi
UK-651,Mumbai,Delhi
UK-863,Mumbai,Delhi
AI-675,Mumbai,Delhi
6E-6234,Mumbai,Delhi
G8-287,Mumbai,Delhi
UK-851,Mumbai,Delhi
AI-651,Mumbai,Delhi
SG-4417,Mumbai,Delhi
UK-613,Mumbai,Delhi
UK-875,Mumbai,Delhi
UK-852,Mumbai,Delhi
6E-574,Mumbai,Delhi
AI-611,Mumbai,Delhi
UK-853,Mumbai,Delhi
G8-349,Mumbai,Delhi
SG-349,Mumbai,Delhi
UK-773,Mumbai,Delhi
6E-5384,Mumbai,Delhi
6E-5392,Mumbai,Delhi
UK-771,Mumbai,Delhi
UK-825,Mumbai,Delhi
AI-673,Mumbai,Delhi
AI-9657,Mumbai,Delhi
AI-681,Mumbai,Delhi
UK-775,Mumbai,Delhi
G8-329,Mumbai,Delhi
G8-327,Mumbai,Delhi
G8-319,Mumbai,Delhi
G8-322,Mumbai,Delhi
6E-6721,Mumbai,Delhi
AI-806,Mumbai,Delhi
AI-809,Mumbai,Delhi
6E-5372,Mumbai,Delhi
G8-365,Mumbai,Delhi
G8-387,Mumbai,Delhi
G8-520,Mumbai,Delhi
G8-511,Mumbai,Delhi
AI-635,Mumbai,Delhi
6E-2047,Mumbai,Delhi
SG-8152,Mumbai,Delhi
SG-2697,Mumbai,Delhi
UK-970,Mumbai,Delhi
I5-767,Mumbai,Delhi
SG-8702,Mumbai,Delhi
UK-928,Mumbai,Delhi
G8-364,Mumbai,Delhi
SG-276,Mumbai,Delhi
AI-774,Mumbai,Delhi
AI-619,Mumbai,Delhi
AI-643,Mumbai,Delhi
UK-823,Mumbai,Delhi
AI-667,Mumbai,Delhi
UK-621,Mumbai,Delhi
UK-865,Mumbai,Delhi
AI-685,Mumbai,Delhi
UK-841,Mumbai,Delhi
AI-683,Mumbai,Delhi
G8-382,Mumbai,Delhi
AI-625,Mumbai,Delhi
G8-575,Mumbai,Delhi
G8-331,Mumbai,Delhi
6E-2172,Mumbai,Delhi
6E-5017,Mumbai,Delhi
AI-687,Mumbai,Delhi
G8-391,Mumbai,Delhi
UK-877,Mumbai,Delhi
6E-213,Mumbai,Delhi
AI-627,Mumbai,Delhi
UK-655,Mumbai,Delhi
AI-637,Mumbai,Delhi
AI-655,Mumbai,Delhi
AI-607,Mumbai,Delhi
G8-383,Mumbai,Delhi
AI-645,Mumbai,Delhi
AI-663,Mumbai,Delhi
AI-570,Mumbai,Delhi
G8-381,Mumbai,Delhi
AI-671,Mumbai,Delhi
G8-2440,Mumbai,Delhi
SG-1092,Mumbai,Delhi
SG-1090,Mumbai,Delhi
SG-1062,Mumbai,Delhi
I5-620,Mumbai,Delhi
G8-2502,Mumbai,Delhi
SG-343,Mumbai,Delhi
AI-688,Mumbai,Delhi
AI-629,Mumbai,Delhi
AI-669,Mumbai,Delhi
AI-9919,Mumbai,Delhi
AI-679,Mumbai,Delhi
SG-1059,Mumbai,Delhi
UK-954,Mumbai,Delhi
UK-930,Mumbai,Delhi
UK-986,Mumbai,Delhi
UK-950,Mumbai,Delhi
UK-902,Mumbai,Delhi
G8-461,Mumbai,Delhi
UK-653,Mumbai,Delhi
UK-873,Mumbai,Delhi
UK-849,Mumbai,Delhi
UK-845,Mumbai,Delhi
UK-857,Mumbai,Delhi
G8-317,Mumbai,Delhi
UK-821,Mumbai,Delhi
UK-827,Mumbai,Delhi
6E-2518,Mumbai,Delhi
6E-5386,Mumbai,Delhi
6E-296,Mumbai,Delhi
AI-864,Mumbai,Delhi
6E-6182,Mumbai,Delhi
I5-330,Mumbai,Delhi
I5-1569,Mumbai,Delhi
6E-248,Mumbai,Delhi
6E-5395,Mumbai,Delhi
UK-861,Mumbai,Delhi
I5-471,Mumbai,Delhi
G8-7536,Mumbai,Delhi
G8-7537,Mumbai,Delhi
G8-7538,Mumbai,Delhi
G8-341,Mumbai,Delhi
G8-345,Mumbai,Delhi
G8-321,Mumbai,Delhi
G8-2508,Mumbai,Delhi
6E-5013,Mumbai,Delhi
I5-678,Mumbai,Delhi
I5-336,Mumbai,Delhi
G8-244,Mumbai,Delhi
G8-2417,Mumbai,Delhi
G8-7546,Mumbai,Delhi
G8-306,Mumbai,Delhi
G8-7545,Mumbai,Delhi
G8-371,Mumbai,Delhi
G8-2411,Mumbai,Delhi
G8-363,Mumbai,Delhi
6E-5376,Mumbai,Delhi
G8-325,Mumbai,Delhi
G8-2606,Mumbai,Delhi
6E-5006,Mumbai,Delhi
6E-154,Mumbai,Delhi
6E-945,Mumbai,Delhi
AI-615,Mumbai,Delhi
AI-695,Mumbai,Delhi
AI-657,Mumbai,Delhi
AI-633,Mumbai,Delhi
I5-941,Mumbai,Delhi
AI-652,Mumbai,Delhi
6E-5361,Mumbai,Delhi
SG-8179,Mumbai,Delhi
6E-5308,Mumbai,Delhi
6E-5047,Mumbai,Delhi
I5-338,Mumbai,Delhi
6E-6515,Mumbai,Delhi
6E-6993,Mumbai,Delhi
6E-5313,Mumbai,Delhi
6E-6084,Mumbai,Delhi
6E-164,Mumbai,Delhi
6E-5381,Mumbai,Delhi
6E-5332,Mumbai,Delhi
6E-138,Mumbai,Delhi
6E-2103,Mumbai,Delhi
6E-439,Mumbai,Delhi
6E-5501,Mumbai,Delhi
6E-821,Mumbai,Delhi
AI-623,Mumbai,Delhi
6E-6029,Mumbai,Delhi
SG-223,Mumbai,Delhi
AI-601,Mumbai,Delhi
G8-398,Mumbai,Delhi
G8-3184,Mumbai,Delhi
6E-5431,Mumbai,Delhi
G8-2504,Mumbai,Delhi
G8-2506,Mumbai,Delhi
AI-603,Mumbai,Delhi
G8-398,Mumbai,Bangalore
6E-5338,Mumbai,Bangalore
6E-5366,Mumbai,Bangalore
AI-639,Mumbai,Bangalore
G8-351,Mumbai,Bangalore
I5-942,Mumbai,Bangalore
UK-863,Mumbai,Bangalore
G8-317,Mumbai,Bangalore
G8-383,Mumbai,Bangalore
6E-219,Mumbai,Bangalore
UK-851,Mumbai,Bangalore
AI-681,Mumbai,Bangalore
AI-660,Mumbai,Bangalore
AI-442,Mumbai,Bangalore
AI-867,Mumbai,Bangalore
AI-888,Mumbai,Bangalore
6E-6463,Mumbai,Bangalore
6E-6258,Mumbai,Bangalore
UK-994,Mumbai,Bangalore
UK-910,Mumbai,Bangalore
UK-958,Mumbai,Bangalore
UK-853,Mumbai,Bangalore
UK-960,Mumbai,Bangalore
UK-940,Mumbai,Bangalore
AI-631,Mumbai,Bangalore
6E-354,Mumbai,Bangalore
UK-944,Mumbai,Bangalore
6E-5209,Mumbai,Bangalore
6E-5312,Mumbai,Bangalore
6E-236,Mumbai,Bangalore
6E-5217,Mumbai,Bangalore
6E-5359,Mumbai,Bangalore
UK-996,Mumbai,Bangalore
UK-988,Mumbai,Bangalore
UK-651,Mumbai,Bangalore
UK-613,Mumbai,Bangalore
UK-852,Mumbai,Bangalore
AI-673,Mumbai,Bangalore
G8-364,Mumbai,Bangalore
G8-322,Mumbai,Bangalore
G8-319,Mumbai,Bangalore
G8-327,Mumbai,Bangalore
G8-339,Mumbai,Bangalore
G8-329,Mumbai,Bangalore
6E-6109,Mumbai,Bangalore
6E-5391,Mumbai,Bangalore
6E-6234,Mumbai,Bangalore
I5-423,Mumbai,Bangalore
AI-619,Mumbai,Bangalore
AI-809,Mumbai,Bangalore
AI-806,Mumbai,Bangalore
AI-635,Mumbai,Bangalore
SG-455,Mumbai,Bangalore
AI-685,Mumbai,Bangalore
UK-865,Mumbai,Bangalore
UK-970,Mumbai,Bangalore
6E-179,Mumbai,Bangalore
UK-928,Mumbai,Bangalore
G8-575,Mumbai,Bangalore
SG-488,Mumbai,Bangalore
6E-5332,Mumbai,Bangalore
6E-5307,Mumbai,Bangalore
6E-5317,Mumbai,Bangalore
G8-244,Mumbai,Bangalore
G8-331,Mumbai,Bangalore
G8-365,Mumbai,Bangalore
AI-611,Mumbai,Bangalore
UK-823,Mumbai,Bangalore
G8-511,Mumbai,Bangalore
G8-390,Mumbai,Bangalore
AI-675,Mumbai,Bangalore
AI-625,Mumbai,Bangalore
6E-5396,Mumbai,Bangalore
UK-841,Mumbai,Bangalore
AI-683,Mumbai,Bangalore
AI-9657,Mumbai,Bangalore
6E-5202,Mumbai,Bangalore
AI-687,Mumbai,Bangalore
I5-767,Mumbai,Bangalore
AI-774,Mumbai,Bangalore
G8-391,Mumbai,Bangalore
AI-663,Mumbai,Bangalore
SG-475,Mumbai,Bangalore
AI-655,Mumbai,Bangalore
G8-2440,Mumbai,Bangalore
UK-825,Mumbai,Bangalore
AI-607,Mumbai,Bangalore
I5-620,Mumbai,Bangalore
UK-875,Mumbai,Bangalore
AI-9919,Mumbai,Bangalore
UK-877,Mumbai,Bangalore
AI-669,Mumbai,Bangalore
UK-849,Mumbai,Bangalore
UK-845,Mumbai,Bangalore
UK-857,Mumbai,Bangalore
G8-520,Mumbai,Bangalore
UK-873,Mumbai,Bangalore
UK-954,Mumbai,Bangalore
UK-902,Mumbai,Bangalore
UK-930,Mumbai,Bangalore
UK-986,Mumbai,Bangalore
UK-653,Mumbai,Bangalore
6E-331,Mumbai,Bangalore
6E-6818,Mumbai,Bangalore
6E-5375,Mumbai,Bangalore
6E-5208,Mumbai,Bangalore
6E-6123,Mumbai,Bangalore
6E-136,Mumbai,Bangalore
6E-5393,Mumbai,Bangalore
6E-6051,Mumbai,Bangalore
6E-5308,Mumbai,Bangalore
UK-950,Mumbai,Bangalore
6E-711,Mumbai,Bangalore
AI-864,Mumbai,Bangalore
AI-637,Mumbai,Bangalore
I5-1569,Mumbai,Bangalore
I5-330,Mumbai,Bangalore
UK-827,Mumbai,Bangalore
UK-821,Mumbai,Bangalore
6E-5316,Mumbai,Bangalore
G8-336,Mumbai,Bangalore
I5-471,Mumbai,Bangalore
UK-861,Mumbai,Bangalore
I5-336,Mumbai,Bangalore
G8-7545,Mumbai,Bangalore
G8-7546,Mumbai,Bangalore
G8-325,Mumbai,Bangalore
6E-5236,Mumbai,Bangalore
G8-7537,Mumbai,Bangalore
G8-2601,Mumbai,Bangalore
G8-7536,Mumbai,Bangalore
G8-2508,Mumbai,Bangalore
G8-321,Mumbai,Bangalore
G8-345,Mumbai,Bangalore
G8-602,Mumbai,Bangalore
G8-363,Mumbai,Bangalore
G8-341,Mumbai,Bangalore
G8-306,Mumbai,Bangalore
G8-7561,Mumbai,Bangalore
G8-7538,Mumbai,Bangalore
SG-9923,Mumbai,Bangalore
AI-615,Mumbai,Bangalore
6E-5371,Mumbai,Bangalore
6E-7292,Mumbai,Bangalore
6E-6809,Mumbai,Bangalore
AI-633,Mumbai,Bangalore
6E-825,Mumbai,Bangalore
6E-5352,Mumbai,Bangalore
UK-621,Mumbai,Bangalore
6E-6478,Mumbai,Bangalore
I5-338,Mumbai,Bangalore
6E-6817,Mumbai,Bangalore
6E-6293,Mumbai,Bangalore
6E-5345,Mumbai,Bangalore
6E-739,Mumbai,Bangalore
SG-415,Mumbai,Bangalore
SG-634,Mumbai,Bangalore
6E-461,Mumbai,Bangalore
6E-234,Mumbai,Bangalore
6E-818,Mumbai,Bangalore
6E-448,Mumbai,Bangalore
6E-434,Mumbai,Bangalore
6E-6094,Mumbai,Bangalore
AI-623,Mumbai,Bangalore
6E-5337,Mumbai,Bangalore
6E-907,Mumbai,Bangalore
G8-705,Mumbai,Bangalore
AI-601,Mumbai,Bangalore
6E-5431,Mumbai,Bangalore
AI-603,Mumbai,Bangalore
G8-2504,Mumbai,Bangalore
AI-667,Mumbai,Bangalore
AI-671,Mumbai,Bangalore
AI-570,Mumbai,Bangalore
G8-461,Mumbai,Bangalore
G8-349,Mumbai,Bangalore
G8-381,Mumbai,Bangalore
G8-511,Mumbai,Kolkata
6E-5343,Mumbai,Kolkata
G8-339,Mumbai,Kolkata
SG-3440,Mumbai,Kolkata
AI-675,Mumbai,Kolkata
6E-395,Mumbai,Kolkata
6E-6014,Mumbai,Kolkata
6E-6749,Mumbai,Kolkata
SG-467,Mumbai,Kolkata
UK-910,Mumbai,Kolkata
UK-940,Mumbai,Kolkata
G8-391,Mumbai,Kolkata
G8-329,Mumbai,Kolkata
AI-888,Mumbai,Kolkata
AI-660,Mumbai,Kolkata
AI-442,Mumbai,Kolkata
AI-631,Mumbai,Kolkata
AI-867,Mumbai,Kolkata
SG-8710,Mumbai,Kolkata
UK-944,Mumbai,Kolkata
SG-8158,Mumbai,Kolkata
6E-2077,Mumbai,Kolkata
6E-6326,Mumbai,Kolkata
UK-773,Mumbai,Kolkata
UK-771,Mumbai,Kolkata
UK-775,Mumbai,Kolkata
6E-416,Mumbai,Kolkata
UK-958,Mumbai,Kolkata
UK-960,Mumbai,Kolkata
6E-5392,Mumbai,Kolkata
UK-996,Mumbai,Kolkata
6E-168,Mumbai,Kolkata
G8-317,Mumbai,Kolkata
6E-354,Mumbai,Kolkata
SG-4417,Mumbai,Kolkata
6E-205,Mumbai,Kolkata
6E-5208,Mumbai,Kolkata
6E-5217,Mumbai,Kolkata
UK-988,Mumbai,Kolkata
6E-5342,Mumbai,Kolkata
6E-5338,Mumbai,Kolkata
6E-5366,Mumbai,Kolkata
6E-363,Mumbai,Kolkata
I5-942,Mumbai,Kolkata
6E-219,Mumbai,Kolkata
SG-241,Mumbai,Kolkata
6E-5017,Mumbai,Kolkata
6E-5375,Mumbai,Kolkata
6E-5308,Mumbai,Kolkata
6E-5312,Mumbai,Kolkata
6E-312,Mumbai,Kolkata
6E-5359,Mumbai,Kolkata
6E-5209,Mumbai,Kolkata
6E-5302,Mumbai,Kolkata
6E-236,Mumbai,Kolkata
UK-994,Mumbai,Kolkata
6E-6463,Mumbai,Kolkata
UK-613,Mumbai,Kolkata
UK-852,Mumbai,Kolkata
G8-520,Mumbai,Kolkata
AI-774,Mumbai,Kolkata
G8-322,Mumbai,Kolkata
G8-319,Mumbai,Kolkata
G8-327,Mumbai,Kolkata
SG-401,Mumbai,Kolkata
SG-163,Mumbai,Kolkata
SG-251,Mumbai,Kolkata
AI-619,Mumbai,Kolkata
UK-970,Mumbai,Kolkata
6E-544,Mumbai,Kolkata
UK-928,Mumbai,Kolkata
AI-809,Mumbai,Kolkata
6E-6721,Mumbai,Kolkata
AI-806,Mumbai,Kolkata
AI-651,Mumbai,Kolkata
6E-2047,Mumbai,Kolkata
I5-767,Mumbai,Kolkata
SG-8152,Mumbai,Kolkata
SG-8702,Mumbai,Kolkata
SG-455,Mumbai,Kolkata
G8-364,Mumbai,Kolkata
SG-923,Mumbai,Kolkata
G8-244,Mumbai,Kolkata
6E-519,Mumbai,Kolkata
SG-488,Mumbai,Kolkata
6E-6201,Mumbai,Kolkata
6E-5373,Mumbai,Kolkata
SG-611,Mumbai,Kolkata
6E-5349,Mumbai,Kolkata
6E-5307,Mumbai,Kolkata
6E-5332,Mumbai,Kolkata
SG-276,Mumbai,Kolkata
6E-6088,Mumbai,Kolkata
AI-570,Mumbai,Kolkata
6E-5386,Mumbai,Kolkata
6E-574,Mumbai,Kolkata
AI-635,Mumbai,Kolkata
AI-687,Mumbai,Kolkata
6E-6475,Mumbai,Kolkata
AI-671,Mumbai,Kolkata
6E-5391,Mumbai,Kolkata
6E-559,Mumbai,Kolkata
AI-669,Mumbai,Kolkata
UK-651,Mumbai,Kolkata
6E-179,Mumbai,Kolkata
SG-5018,Mumbai,Kolkata
G8-383,Mumbai,Kolkata
SG-475,Mumbai,Kolkata
AI-639,Mumbai,Kolkata
6E-832,Mumbai,Kolkata
6E-627,Mumbai,Kolkata
UK-823,Mumbai,Kolkata
UK-877,Mumbai,Kolkata
SG-5074,Mumbai,Kolkata
G8-2605,Mumbai,Kolkata
AI-673,Mumbai,Kolkata
UK-902,Mumbai,Kolkata
UK-986,Mumbai,Kolkata
UK-950,Mumbai,Kolkata
UK-930,Mumbai,Kolkata
UK-954,Mumbai,Kolkata
AI-607,Mumbai,Kolkata
6E-6474,Mumbai,Kolkata
UK-873,Mumbai,Kolkata
UK-653,Mumbai,Kolkata
UK-821,Mumbai,Kolkata
UK-655,Mumbai,Kolkata
G8-390,Mumbai,Kolkata
6E-227,Mumbai,Kolkata
6E-6123,Mumbai,Kolkata
6E-136,Mumbai,Kolkata
6E-331,Mumbai,Kolkata
6E-6004,Mumbai,Kolkata
AI-864,Mumbai,Kolkata
6E-2518,Mumbai,Kolkata
6E-6223,Mumbai,Kolkata
AI-637,Mumbai,Kolkata
I5-330,Mumbai,Kolkata
I5-1569,Mumbai,Kolkata
6E-248,Mumbai,Kolkata
G8-7561,Mumbai,Kolkata
I5-336,Mumbai,Kolkata
I5-423,Mumbai,Kolkata
G8-7537,Mumbai,Kolkata
G8-2508,Mumbai,Kolkata
G8-7536,Mumbai,Kolkata
G8-345,Mumbai,Kolkata
G8-321,Mumbai,Kolkata
G8-7545,Mumbai,Kolkata
G8-363,Mumbai,Kolkata
G8-341,Mumbai,Kolkata
G8-7538,Mumbai,Kolkata
G8-349,Mumbai,Kolkata
6E-5236,Mumbai,Kolkata
6E-5013,Mumbai,Kolkata
SG-5079,Mumbai,Kolkata
6E-5376,Mumbai,Kolkata
UK-841,Mumbai,Kolkata
6E-5316,Mumbai,Kolkata
6E-5384,Mumbai,Kolkata
G8-381,Mumbai,Kolkata
AI-615,Mumbai,Kolkata
6E-6086,Mumbai,Kolkata
6E-945,Mumbai,Kolkata
6E-154,Mumbai,Kolkata
6E-939,Mumbai,Kolkata
6E-5355,Mumbai,Kolkata
AI-633,Mumbai,Kolkata
6E-5372,Mumbai,Kolkata
6E-5352,Mumbai,Kolkata
6E-533,Mumbai,Kolkata
6E-5337,Mumbai,Kolkata
6E-448,Mumbai,Kolkata
6E-542,Mumbai,Kolkata
6E-434,Mumbai,Kolkata
I5-338,Mumbai,Kolkata
AI-623,Mumbai,Kolkata
6E-802,Mumbai,Kolkata
6E-213,Mumbai,Kolkata
6E-2103,Mumbai,Kolkata
SG-487,Mumbai,Kolkata
SG-634,Mumbai,Kolkata
SG-415,Mumbai,Kolkata
6E-821,Mumbai,Kolkata
6E-818,Mumbai,Kolkata
6E-461,Mumbai,Kolkata
G8-397,Mumbai,Kolkata
G8-306,Mumbai,Kolkata
G8-2607,Mumbai,Kolkata
SG-8179,Mumbai,Kolkata
6E-5501,Mumbai,Kolkata
SG-3248,Mumbai,Kolkata
AI-603,Mumbai,Kolkata
AI-649,Mumbai,Kolkata
6E-5208,Mumbai,Hyderabad
6E-5217,Mumbai,Hyderabad
UK-875,Mumbai,Hyderabad
6E-5371,Mumbai,Hyderabad
6E-354,Mumbai,Hyderabad
AI-867,Mumbai,Hyderabad
AI-888,Mumbai,Hyderabad
AI-660,Mumbai,Hyderabad
AI-442,Mumbai,Hyderabad
6E-5312,Mumbai,Hyderabad
AI-639,Mumbai,Hyderabad
UK-910,Mumbai,Hyderabad
UK-958,Mumbai,Hyderabad
UK-960,Mumbai,Hyderabad
UK-940,Mumbai,Hyderabad
AI-631,Mumbai,Hyderabad
6E-5209,Mumbai,Hyderabad
6E-5359,Mumbai,Hyderabad
UK-944,Mumbai,Hyderabad
UK-996,Mumbai,Hyderabad
6E-6809,Mumbai,Hyderabad
AI-669,Mumbai,Hyderabad
UK-863,Mumbai,Hyderabad
UK-988,Mumbai,Hyderabad
UK-994,Mumbai,Hyderabad
UK-613,Mumbai,Hyderabad
UK-852,Mumbai,Hyderabad
6E-932,Mumbai,Hyderabad
AI-619,Mumbai,Hyderabad
AI-809,Mumbai,Hyderabad
AI-806,Mumbai,Hyderabad
AI-683,Mumbai,Hyderabad
AI-9657,Mumbai,Hyderabad
G8-371,Mumbai,Hyderabad
G8-382,Mumbai,Hyderabad
UK-970,Mumbai,Hyderabad
UK-928,Mumbai,Hyderabad
G8-319,Mumbai,Hyderabad
G8-327,Mumbai,Hyderabad
G8-329,Mumbai,Hyderabad
6E-711,Mumbai,Hyderabad
6E-179,Mumbai,Hyderabad
AI-685,Mumbai,Hyderabad
AI-651,Mumbai,Hyderabad
G8-390,Mumbai,Hyderabad
G8-331,Mumbai,Hyderabad
G8-520,Mumbai,Hyderabad
UK-841,Mumbai,Hyderabad
UK-877,Mumbai,Hyderabad
G8-575,Mumbai,Hyderabad
AI-687,Mumbai,Hyderabad
AI-635,Mumbai,Hyderabad
6E-5202,Mumbai,Hyderabad
AI-663,Mumbai,Hyderabad
UK-655,Mumbai,Hyderabad
AI-774,Mumbai,Hyderabad
G8-2440,Mumbai,Hyderabad
AI-671,Mumbai,Hyderabad
I5-942,Mumbai,Hyderabad
I5-620,Mumbai,Hyderabad
G8-391,Mumbai,Hyderabad
AI-9919,Mumbai,Hyderabad
UK-865,Mumbai,Hyderabad
UK-853,Mumbai,Hyderabad
UK-851,Mumbai,Hyderabad
AI-607,Mumbai,Hyderabad
UK-651,Mumbai,Hyderabad
AI-675,Mumbai,Hyderabad
UK-873,Mumbai,Hyderabad
6E-6818,Mumbai,Hyderabad
UK-857,Mumbai,Hyderabad
UK-845,Mumbai,Hyderabad
UK-849,Mumbai,Hyderabad
UK-930,Mumbai,Hyderabad
UK-954,Mumbai,Hyderabad
UK-902,Mumbai,Hyderabad
UK-986,Mumbai,Hyderabad
UK-950,Mumbai,Hyderabad
AI-570,Mumbai,Hyderabad
UK-653,Mumbai,Hyderabad
6E-6123,Mumbai,Hyderabad
G8-511,Mumbai,Hyderabad
AI-864,Mumbai,Hyderabad
AI-637,Mumbai,Hyderabad
AI-673,Mumbai,Hyderabad
I5-1569,Mumbai,Hyderabad
G8-322,Mumbai,Hyderabad
G8-339,Mumbai,Hyderabad
I5-767,Mumbai,Hyderabad
I5-336,Mumbai,Hyderabad
G8-7546,Mumbai,Hyderabad
G8-7538,Mumbai,Hyderabad
G8-7557,Mumbai,Hyderabad
G8-7537,Mumbai,Hyderabad
G8-461,Mumbai,Hyderabad
G8-383,Mumbai,Hyderabad
G8-325,Mumbai,Hyderabad
G8-2508,Mumbai,Hyderabad
G8-7536,Mumbai,Hyderabad
G8-321,Mumbai,Hyderabad
G8-345,Mumbai,Hyderabad
G8-398,Mumbai,Hyderabad
G8-7545,Mumbai,Hyderabad
G8-347,Mumbai,Hyderabad
G8-305,Mumbai,Hyderabad
G8-341,Mumbai,Hyderabad
G8-7561,Mumbai,Hyderabad
2T-518,Mumbai,Hyderabad
G8-384,Mumbai,Hyderabad
UK-823,Mumbai,Hyderabad
AI-611,Mumbai,Hyderabad
AI-615,Mumbai,Hyderabad
UK-821,Mumbai,Hyderabad
AI-657,Mumbai,Hyderabad
6E-5206,Mumbai,Hyderabad
AI-633,Mumbai,Hyderabad
AI-655,Mumbai,Hyderabad
AI-623,Mumbai,Hyderabad
I5-338,Mumbai,Hyderabad
6E-6206,Mumbai,Hyderabad
6E-461,Mumbai,Hyderabad
6E-818,Mumbai,Hyderabad
6E-434,Mumbai,Hyderabad
6E-448,Mumbai,Hyderabad
6E-234,Mumbai,Hyderabad
G8-317,Mumbai,Hyderabad
G8-351,Mumbai,Hyderabad
G8-2504,Mumbai,Hyderabad
AI-603,Mumbai,Hyderabad
AI-601,Mumbai,Hyderabad
G8-381,Mumbai,Hyderabad
6E-5208,Mumbai,Chennai
6E-5217,Mumbai,Chennai
UK-825,Mumbai,Chennai
AI-442,Mumbai,Chennai
AI-635,Mumbai,Chennai
AI-867,Mumbai,Chennai
AI-888,Mumbai,Chennai
AI-660,Mumbai,Chennai
6E-5371,Mumbai,Chennai
UK-910,Mumbai,Chennai
6E-5214,Mumbai,Chennai
UK-958,Mumbai,Chennai
UK-960,Mumbai,Chennai
6E-5366,Mumbai,Chennai
6E-5338,Mumbai,Chennai
UK-940,Mumbai,Chennai
6E-5317,Mumbai,Chennai
SG-475,Mumbai,Chennai
UK-944,Mumbai,Chennai
6E-6051,Mumbai,Chennai
SG-251,Mumbai,Chennai
AI-675,Mumbai,Chennai
6E-5312,Mumbai,Chennai
6E-711,Mumbai,Chennai
6E-219,Mumbai,Chennai
6E-5375,Mumbai,Chennai
6E-5368,Mumbai,Chennai
6E-5308,Mumbai,Chennai
6E-5379,Mumbai,Chennai
UK-996,Mumbai,Chennai
6E-6809,Mumbai,Chennai
6E-354,Mumbai,Chennai
6E-5209,Mumbai,Chennai
6E-5359,Mumbai,Chennai
UK-863,Mumbai,Chennai
UK-988,Mumbai,Chennai
UK-851,Mumbai,Chennai
UK-994,Mumbai,Chennai
UK-613,Mumbai,Chennai
UK-852,Mumbai,Chennai
UK-823,Mumbai,Chennai
AI-809,Mumbai,Chennai
AI-806,Mumbai,Chennai
6E-6463,Mumbai,Chennai
UK-970,Mumbai,Chennai
UK-928,Mumbai,Chennai
6E-179,Mumbai,Chennai
SG-488,Mumbai,Chennai
I5-941,Mumbai,Chennai
SG-611,Mumbai,Chennai
AI-774,Mumbai,Chennai
6E-5398,Mumbai,Chennai
6E-5332,Mumbai,Chennai
6E-5307,Mumbai,Chennai
UK-841,Mumbai,Chennai
AI-570,Mumbai,Chennai
AI-619,Mumbai,Chennai
AI-687,Mumbai,Chennai
AI-671,Mumbai,Chennai
UK-875,Mumbai,Chennai
AI-651,Mumbai,Chennai
UK-655,Mumbai,Chennai
UK-877,Mumbai,Chennai
SG-6003,Mumbai,Chennai
AI-679,Mumbai,Chennai
UK-821,Mumbai,Chennai
UK-827,Mumbai,Chennai
6E-6818,Mumbai,Chennai
UK-902,Mumbai,Chennai
UK-930,Mumbai,Chennai
UK-954,Mumbai,Chennai
UK-986,Mumbai,Chennai
UK-950,Mumbai,Chennai
AI-673,Mumbai,Chennai
UK-651,Mumbai,Chennai
UK-873,Mumbai,Chennai
UK-653,Mumbai,Chennai
6E-136,Mumbai,Chennai
6E-331,Mumbai,Chennai
6E-6123,Mumbai,Chennai
6E-236,Mumbai,Chennai
UK-845,Mumbai,Chennai
SG-5019,Mumbai,Chennai
AI-864,Mumbai,Chennai
AI-669,Mumbai,Chennai
AI-637,Mumbai,Chennai
I5-942,Mumbai,Chennai
I5-1569,Mumbai,Chennai
6E-5396,Mumbai,Chennai
UK-849,Mumbai,Chennai
6E-5316,Mumbai,Chennai
G8-305,Mumbai,Chennai
G8-303,Mumbai,Chennai
I5-336,Mumbai,Chennai
I5-631,Mumbai,Chennai
G8-364,Mumbai,Chennai
G8-244,Mumbai,Chennai
6E-5236,Mumbai,Chennai
6E-5352,Mumbai,Chennai
AI-615,Mumbai,Chennai
AI-9030,Mumbai,Chennai
6E-5342,Mumbai,Chennai
AI-643,Mumbai,Chennai
6E-6109,Mumbai,Chennai
G8-384,Mumbai,Chennai
AI-681,Mumbai,Chennai
6E-818,Mumbai,Chennai
6E-434,Mumbai,Chennai
6E-234,Mumbai,Chennai
6E-461,Mumbai,Chennai
6E-6206,Mumbai,Chennai
6E-448,Mumbai,Chennai
6E-6292,Mumbai,Chennai
I5-338,Mumbai,Chennai
6E-6258,Mumbai,Chennai
6E-932,Mumbai,Chennai
6E-6094,Mumbai,Chennai
AI-623,Mumbai,Chennai
6E-907,Mumbai,Chennai
6E-5337,Mumbai,Chennai
6E-911,Mumbai,Chennai
G8-575,Mumbai,Chennai
AI-607,Mumbai,Chennai
G8-2504,Mumbai,Chennai
AI-667,Mumbai,Chennai
I5-996,Bangalore,Delhi
UK-820,Bangalore,Delhi
UK-802,Bangalore,Delhi
6E-6139,Bangalore,Delhi
6E-2514,Bangalore,Delhi
6E-2027,Bangalore,Delhi
6E-2174,Bangalore,Delhi
6E-2034,Bangalore,Delhi
AI-505,Bangalore,Delhi
AI-501,Bangalore,Delhi
AI-503,Bangalore,Delhi
I5-1566,Bangalore,Delhi
G8-405,Bangalore,Delhi
G8-873,Bangalore,Delhi
G8-385,Bangalore,Delhi
SG-136,Bangalore,Delhi
I5-1528,Bangalore,Delhi
6E-2186,Bangalore,Delhi
AI-804,Bangalore,Delhi
UK-810,Bangalore,Delhi
AI-808,Bangalore,Delhi
I5-749,Bangalore,Delhi
AI-523,Bangalore,Delhi
UK-808,Bangalore,Delhi
UK-816,Bangalore,Delhi
UK-818,Bangalore,Delhi
I5-1982,Bangalore,Delhi
I5-1426,Bangalore,Delhi
UK-858,Bangalore,Delhi
6E-6104,Bangalore,Delhi
I5-2392,Bangalore,Delhi
AI-640,Bangalore,Delhi
6E-436,Bangalore,Delhi
UK-657,Bangalore,Delhi
G8-283,Bangalore,Delhi
AI-573,Bangalore,Delhi
6E-6257,Bangalore,Delhi
SG-4009,Bangalore,Delhi
I5-592,Bangalore,Delhi
SG-531,Bangalore,Delhi
6E-276,Bangalore,Delhi
6E-6753,Bangalore,Delhi
UK-850,Bangalore,Delhi
UK-852,Bangalore,Delhi
G8-395,Bangalore,Delhi
6E-484,Bangalore,Delhi
6E-6535,Bangalore,Delhi
SG-209,Bangalore,Delhi
6E-415,Bangalore,Delhi
6E-6491,Bangalore,Delhi
6E-7223,Bangalore,Delhi
UK-854,Bangalore,Delhi
6E-702,Bangalore,Delhi
G8-320,Bangalore,Delhi
6E-886,Bangalore,Delhi
I5-992,Bangalore,Delhi
SG-3027,Bangalore,Delhi
6E-528,Bangalore,Delhi
6E-6067,Bangalore,Delhi
I5-1229,Bangalore,Delhi
AI-9501,Bangalore,Delhi
AI-9517,Bangalore,Delhi
G8-803,Bangalore,Delhi
UK-755,Bangalore,Delhi
SG-198,Bangalore,Delhi
I5-892,Bangalore,Delhi
I5-741,Bangalore,Delhi
I5-589,Bangalore,Delhi
SG-401,Bangalore,Delhi
6E-2337,Bangalore,Delhi
6E-455,Bangalore,Delhi
6E-807,Bangalore,Delhi
6E-6393,Bangalore,Delhi
AI-507,Bangalore,Delhi
AI-9876,Bangalore,Delhi
6E-6339,Bangalore,Delhi
I5-1621,Bangalore,Delhi
I5-819,Bangalore,Delhi
G8-146,Bangalore,Delhi
AI-9505,Bangalore,Delhi
AI-9547,Bangalore,Delhi
SG-768,Bangalore,Delhi
G8-116,Bangalore,Delhi
G8-118,Bangalore,Delhi
I5-1782,Bangalore,Delhi
G8-312,Bangalore,Delhi
SG-4005,Bangalore,Delhi
AI-9927,Bangalore,Delhi
SG-517,Bangalore,Delhi
SG-327,Bangalore,Delhi
UK-867,Bangalore,Delhi
6E-6802,Bangalore,Delhi
SG-3023,Bangalore,Delhi
AI-565,Bangalore,Delhi
SG-5013,Bangalore,Delhi
SG-5002,Bangalore,Delhi
SG-535,Bangalore,Delhi
I5-410,Bangalore,Delhi
I5-1780,Bangalore,Delhi
I5-2472,Bangalore,Delhi
G8-791,Bangalore,Delhi
AI-516,Bangalore,Delhi
AI-610,Bangalore,Delhi
AI-748,Bangalore,Delhi
AI-738,Bangalore,Delhi
AI-9925,Bangalore,Delhi
G8-285,Bangalore,Delhi
UK-814,Bangalore,Delhi
UK-812,Bangalore,Delhi
6E-2025,Bangalore,Delhi
6E-6386,Bangalore,Delhi
I5-972,Bangalore,Delhi
UK-897,Bangalore,Delhi
UK-893,Bangalore,Delhi
UK-864,Bangalore,Delhi
UK-846,Bangalore,Delhi
UK-866,Bangalore,Delhi
AI-9931,Bangalore,Delhi
I5-5405,Bangalore,Delhi
I5-5402,Bangalore,Delhi
I5-1321,Bangalore,Delhi
I5-722,Bangalore,Delhi
6E-855,Bangalore,Delhi
6E-638,Bangalore,Delhi
6E-426,Bangalore,Delhi
I5-818,Bangalore,Delhi
I5-1427,Bangalore,Delhi
I5-991,Bangalore,Delhi
I5-1561,Bangalore,Delhi
I5-820,Bangalore,Delhi
I5-2461,Bangalore,Delhi
I5-1451,Bangalore,Delhi
SG-5006,Bangalore,Delhi
I5-1783,Bangalore,Delhi
I5-1576,Bangalore,Delhi
I5-1228,Bangalore,Delhi
I5-1983,Bangalore,Delhi
I5-1731,Bangalore,Delhi
I5-1562,Bangalore,Delhi
I5-339,Bangalore,Delhi
G8-808,Bangalore,Delhi
G8-7547,Bangalore,Delhi
G8-7548,Bangalore,Delhi
G8-241,Bangalore,Delhi
G8-2231,Bangalore,Delhi
G8-7543,Bangalore,Delhi
G8-399,Bangalore,Delhi
G8-518,Bangalore,Delhi
6E-747,Bangalore,Delhi
G8-510,Bangalore,Delhi
6E-232,Bangalore,Delhi
6E-708,Bangalore,Delhi
6E-2053,Bangalore,Delhi
SG-468,Bangalore,Delhi
6E-684,Bangalore,Delhi
I5-1540,Bangalore,Delhi
I5-1530,Bangalore,Delhi
I5-334,Bangalore,Delhi
6E-543,Bangalore,Delhi
6E-6178,Bangalore,Delhi
G8-294,Bangalore,Delhi
G8-815,Bangalore,Delhi
SG-516,Bangalore,Delhi
6E-6876,Bangalore,Delhi
6E-408,Bangalore,Delhi
AI-776,Bangalore,Delhi
SG-438,Bangalore,Delhi
SG-635,Bangalore,Delhi
6E-469,Bangalore,Delhi
6E-537,Bangalore,Delhi
6E-869,Bangalore,Delhi
6E-6247,Bangalore,Delhi
6E-871,Bangalore,Delhi
6E-735,Bangalore,Delhi
6E-5007,Bangalore,Delhi
SG-8906,Bangalore,Delhi
G8-374,Bangalore,Delhi
G8-401,Bangalore,Delhi
G8-403,Bangalore,Delhi
SG-3233,Bangalore,Delhi
SG-3719,Bangalore,Delhi
6E-7257,Bangalore,Delhi
SG-3725,Bangalore,Delhi
AI-604,Bangalore,Delhi
I5-736,Bangalore,Delhi
AI-772,Bangalore,Delhi
G8-292,Bangalore,Delhi
AI-564,Bangalore,Delhi
G8-805,Bangalore,Delhi
G8-801,Bangalore,Delhi
AI-583,Bangalore,Delhi
UK-858,Bangalore,Mumbai
G8-385,Bangalore,Mumbai
AI-640,Bangalore,Mumbai
I5-996,Bangalore,Mumbai
6E-113,Bangalore,Mumbai
6E-5365,Bangalore,Mumbai
UK-852,Bangalore,Mumbai
UK-850,Bangalore,Mumbai
6E-5323,Bangalore,Mumbai
G8-395,Bangalore,Mumbai
AI-501,Bangalore,Mumbai
AI-505,Bangalore,Mumbai
AI-808,Bangalore,Mumbai
AI-503,Bangalore,Mumbai
AI-804,Bangalore,Mumbai
6E-131,Bangalore,Mumbai
6E-7227,Bangalore,Mumbai
6E-295,Bangalore,Mumbai
UK-802,Bangalore,Mumbai
UK-820,Bangalore,Mumbai
I5-749,Bangalore,Mumbai
6E-6345,Bangalore,Mumbai
UK-854,Bangalore,Mumbai
6E-6257,Bangalore,Mumbai
UK-810,Bangalore,Mumbai
6E-161,Bangalore,Mumbai
G8-320,Bangalore,Mumbai
6E-5203,Bangalore,Mumbai
6E-7223,Bangalore,Mumbai
UK-808,Bangalore,Mumbai
UK-816,Bangalore,Mumbai
6E-5389,Bangalore,Mumbai
6E-484,Bangalore,Mumbai
UK-657,Bangalore,Mumbai
AI-738,Bangalore,Mumbai
6E-6491,Bangalore,Mumbai
6E-841,Bangalore,Mumbai
6E-886,Bangalore,Mumbai
6E-6067,Bangalore,Mumbai
6E-638,Bangalore,Mumbai
6E-541,Bangalore,Mumbai
AI-565,Bangalore,Mumbai
I5-941,Bangalore,Mumbai
I5-1622,Bangalore,Mumbai
I5-1451,Bangalore,Mumbai
6E-6017,Bangalore,Mumbai
6E-6445,Bangalore,Mumbai
6E-807,Bangalore,Mumbai
AI-9876,Bangalore,Mumbai
I5-892,Bangalore,Mumbai
SG-401,Bangalore,Mumbai
AI-9505,Bangalore,Mumbai
AI-507,Bangalore,Mumbai
AI-9547,Bangalore,Mumbai
6E-5399,Bangalore,Mumbai
6E-6339,Bangalore,Mumbai
UK-818,Bangalore,Mumbai
G8-803,Bangalore,Mumbai
G8-805,Bangalore,Mumbai
G8-146,Bangalore,Mumbai
6E-6326,Bangalore,Mumbai
I5-1782,Bangalore,Mumbai
G8-118,Bangalore,Mumbai
G8-116,Bangalore,Mumbai
SG-3027,Bangalore,Mumbai
AI-9517,Bangalore,Mumbai
AI-9927,Bangalore,Mumbai
G8-801,Bangalore,Mumbai
UK-867,Bangalore,Mumbai
6E-6517,Bangalore,Mumbai
AI-523,Bangalore,Mumbai
AI-610,Bangalore,Mumbai
G8-791,Bangalore,Mumbai
AI-9925,Bangalore,Mumbai
AI-516,Bangalore,Mumbai
AI-573,Bangalore,Mumbai
G8-285,Bangalore,Mumbai
SG-5072,Bangalore,Mumbai
UK-846,Bangalore,Mumbai
UK-864,Bangalore,Mumbai
UK-866,Bangalore,Mumbai
I5-972,Bangalore,Mumbai
6E-379,Bangalore,Mumbai
UK-893,Bangalore,Mumbai
UK-897,Bangalore,Mumbai
UK-812,Bangalore,Mumbai
UK-814,Bangalore,Mumbai
G8-790,Bangalore,Mumbai
6E-806,Bangalore,Mumbai
6E-357,Bangalore,Mumbai
6E-332,Bangalore,Mumbai
I5-722,Bangalore,Mumbai
6E-6212,Bangalore,Mumbai
AI-748,Bangalore,Mumbai
I5-1561,Bangalore,Mumbai
I5-741,Bangalore,Mumbai
6E-6464,Bangalore,Mumbai
6E-5344,Bangalore,Mumbai
I5-339,Bangalore,Mumbai
G8-7547,Bangalore,Mumbai
G8-7548,Bangalore,Mumbai
G8-399,Bangalore,Mumbai
I5-1454,Bangalore,Mumbai
G8-808,Bangalore,Mumbai
G8-283,Bangalore,Mumbai
G8-812,Bangalore,Mumbai
I5-1528,Bangalore,Mumbai
G8-7559,Bangalore,Mumbai
AI-9501,Bangalore,Mumbai
I5-818,Bangalore,Mumbai
6E-309,Bangalore,Mumbai
6E-5303,Bangalore,Mumbai
6E-6085,Bangalore,Mumbai
6E-6479,Bangalore,Mumbai
6E-488,Bangalore,Mumbai
SG-438,Bangalore,Mumbai
SG-635,Bangalore,Mumbai
6E-738,Bangalore,Mumbai
6E-5305,Bangalore,Mumbai
I5-334,Bangalore,Mumbai
6E-356,Bangalore,Mumbai
6E-6012,Bangalore,Mumbai
6E-6825,Bangalore,Mumbai
6E-575,Bangalore,Mumbai
6E-6269,Bangalore,Mumbai
6E-6178,Bangalore,Mumbai
6E-537,Bangalore,Mumbai
6E-684,Bangalore,Mumbai
AI-776,Bangalore,Mumbai
SG-3233,Bangalore,Mumbai
SG-3719,Bangalore,Mumbai
G8-401,Bangalore,Mumbai
G8-374,Bangalore,Mumbai
G8-403,Bangalore,Mumbai
G8-873,Bangalore,Mumbai
AI-604,Bangalore,Mumbai
I5-736,Bangalore,Mumbai
AI-772,Bangalore,Mumbai
AI-564,Bangalore,Mumbai
AI-583,Bangalore,Mumbai
I5-996,Bangalore,Kolkata
SG-531,Bangalore,Kolkata
SG-517,Bangalore,Kolkata
I5-1576,Bangalore,Kolkata
6E-975,Bangalore,Kolkata
I5-749,Bangalore,Kolkata
I5-992,Bangalore,Kolkata
6E-841,Bangalore,Kolkata
UK-802,Bangalore,Kolkata
UK-820,Bangalore,Kolkata
AI-503,Bangalore,Kolkata
AI-501,Bangalore,Kolkata
AI-505,Bangalore,Kolkata
AI-808,Bangalore,Kolkata
I5-592,Bangalore,Kolkata
6E-6572,Bangalore,Kolkata
6E-455,Bangalore,Kolkata
6E-503,Bangalore,Kolkata
6E-201,Bangalore,Kolkata
6E-676,Bangalore,Kolkata
6E-541,Bangalore,Kolkata
UK-850,Bangalore,Kolkata
UK-818,Bangalore,Kolkata
UK-810,Bangalore,Kolkata
UK-657,Bangalore,Kolkata
UK-816,Bangalore,Kolkata
UK-808,Bangalore,Kolkata
6E-484,Bangalore,Kolkata
6E-897,Bangalore,Kolkata
UK-854,Bangalore,Kolkata
G8-320,Bangalore,Kolkata
6E-246,Bangalore,Kolkata
6E-6798,Bangalore,Kolkata
UK-852,Bangalore,Kolkata
6E-6491,Bangalore,Kolkata
6E-7223,Bangalore,Kolkata
6E-886,Bangalore,Kolkata
6E-6067,Bangalore,Kolkata
G8-803,Bangalore,Kolkata
I5-1564,Bangalore,Kolkata
SG-4009,Bangalore,Kolkata
SG-401,Bangalore,Kolkata
I5-1228,Bangalore,Kolkata
I5-589,Bangalore,Kolkata
AI-9876,Bangalore,Kolkata
UK-858,Bangalore,Kolkata
AI-507,Bangalore,Kolkata
6E-959,Bangalore,Kolkata
I5-1562,Bangalore,Kolkata
SG-327,Bangalore,Kolkata
G8-312,Bangalore,Kolkata
AI-640,Bangalore,Kolkata
6E-6257,Bangalore,Kolkata
6E-6326,Bangalore,Kolkata
6E-6339,Bangalore,Kolkata
I5-741,Bangalore,Kolkata
G8-146,Bangalore,Kolkata
6E-255,Bangalore,Kolkata
AI-804,Bangalore,Kolkata
I5-1528,Bangalore,Kolkata
SG-768,Bangalore,Kolkata
6E-457,Bangalore,Kolkata
6E-952,Bangalore,Kolkata
G8-116,Bangalore,Kolkata
I5-1426,Bangalore,Kolkata
I5-5204,Bangalore,Kolkata
AI-9517,Bangalore,Kolkata
AI-9927,Bangalore,Kolkata
AI-9505,Bangalore,Kolkata
G8-395,Bangalore,Kolkata
UK-867,Bangalore,Kolkata
AI-738,Bangalore,Kolkata
SG-5073,Bangalore,Kolkata
I5-2472,Bangalore,Kolkata
I5-1321,Bangalore,Kolkata
G8-791,Bangalore,Kolkata
AI-748,Bangalore,Kolkata
I5-1780,Bangalore,Kolkata
G8-118,Bangalore,Kolkata
AI-573,Bangalore,Kolkata
6E-146,Bangalore,Kolkata
SG-209,Bangalore,Kolkata
AI-516,Bangalore,Kolkata
AI-610,Bangalore,Kolkata
UK-814,Bangalore,Kolkata
UK-812,Bangalore,Kolkata
G8-285,Bangalore,Kolkata
UK-846,Bangalore,Kolkata
UK-866,Bangalore,Kolkata
UK-864,Bangalore,Kolkata
UK-897,Bangalore,Kolkata
UK-893,Bangalore,Kolkata
SG-3027,Bangalore,Kolkata
I5-5402,Bangalore,Kolkata
I5-5405,Bangalore,Kolkata
G8-790,Bangalore,Kolkata
6E-172,Bangalore,Kolkata
G8-805,Bangalore,Kolkata
6E-6212,Bangalore,Kolkata
6E-409,Bangalore,Kolkata
6E-524,Bangalore,Kolkata
I5-722,Bangalore,Kolkata
AI-565,Bangalore,Kolkata
SG-5092,Bangalore,Kolkata
G8-7559,Bangalore,Kolkata
I5-2461,Bangalore,Kolkata
I5-1530,Bangalore,Kolkata
G8-292,Bangalore,Kolkata
G8-399,Bangalore,Kolkata
G8-7548,Bangalore,Kolkata
G8-7547,Bangalore,Kolkata
G8-241,Bangalore,Kolkata
G8-510,Bangalore,Kolkata
G8-518,Bangalore,Kolkata
6E-855,Bangalore,Kolkata
6E-638,Bangalore,Kolkata
G8-385,Bangalore,Kolkata
I5-1622,Bangalore,Kolkata
6E-684,Bangalore,Kolkata
6E-978,Bangalore,Kolkata
6E-357,Bangalore,Kolkata
6E-6178,Bangalore,Kolkata
AI-776,Bangalore,Kolkata
I5-410,Bangalore,Kolkata
6E-6017,Bangalore,Kolkata
6E-6012,Bangalore,Kolkata
6E-356,Bangalore,Kolkata
6E-442,Bangalore,Kolkata
6E-575,Bangalore,Kolkata
6E-368,Bangalore,Kolkata
G8-294,Bangalore,Kolkata
G8-808,Bangalore,Kolkata
6E-969,Bangalore,Kolkata
G8-283,Bangalore,Kolkata
6E-537,Bangalore,Kolkata
AI-772,Bangalore,Kolkata
I5-736,Bangalore,Kolkata
AI-604,Bangalore,Kolkata
AI-564,Bangalore,Kolkata
I5-1576,Bangalore,Hyderabad
6E-7257,Bangalore,Hyderabad
AI-9505,Bangalore,Hyderabad
6E-7223,Bangalore,Hyderabad
I5-1983,Bangalore,Hyderabad
6E-841,Bangalore,Hyderabad
6E-6491,Bangalore,Hyderabad
UK-802,Bangalore,Hyderabad
6E-6067,Bangalore,Hyderabad
UK-850,Bangalore,Hyderabad
6E-638,Bangalore,Hyderabad
6E-886,Bangalore,Hyderabad
AI-9517,Bangalore,Hyderabad
6E-541,Bangalore,Hyderabad
UK-820,Bangalore,Hyderabad
AI-503,Bangalore,Hyderabad
AI-501,Bangalore,Hyderabad
AI-808,Bangalore,Hyderabad
AI-505,Bangalore,Hyderabad
UK-816,Bangalore,Hyderabad
UK-808,Bangalore,Hyderabad
AI-573,Bangalore,Hyderabad
UK-854,Bangalore,Hyderabad
AI-738,Bangalore,Hyderabad
UK-818,Bangalore,Hyderabad
AI-9876,Bangalore,Hyderabad
2T-621,Bangalore,Hyderabad
S5-151,Bangalore,Hyderabad
SG-327,Bangalore,Hyderabad
SG-517,Bangalore,Hyderabad
6E-6257,Bangalore,Hyderabad
6E-484,Bangalore,Hyderabad
AI-507,Bangalore,Hyderabad
G8-805,Bangalore,Hyderabad
I5-1426,Bangalore,Hyderabad
6E-6339,Bangalore,Hyderabad
UK-858,Bangalore,Hyderabad
6E-6017,Bangalore,Hyderabad
AI-640,Bangalore,Hyderabad
AI-9547,Bangalore,Hyderabad
S5-131,Bangalore,Hyderabad
6E-6326,Bangalore,Hyderabad
UK-852,Bangalore,Hyderabad
UK-657,Bangalore,Hyderabad
UK-810,Bangalore,Hyderabad
AI-804,Bangalore,Hyderabad
AI-9927,Bangalore,Hyderabad
I5-5204,Bangalore,Hyderabad
AI-9501,Bangalore,Hyderabad
G8-285,Bangalore,Hyderabad
6E-7204,Bangalore,Hyderabad
UK-867,Bangalore,Hyderabad
AI-565,Bangalore,Hyderabad
I5-972,Bangalore,Hyderabad
AI-516,Bangalore,Hyderabad
G8-116,Bangalore,Hyderabad
AI-9925,Bangalore,Hyderabad
AI-610,Bangalore,Hyderabad
G8-791,Bangalore,Hyderabad
AI-748,Bangalore,Hyderabad
UK-893,Bangalore,Hyderabad
UK-897,Bangalore,Hyderabad
SG-5093,Bangalore,Hyderabad
UK-866,Bangalore,Hyderabad
UK-846,Bangalore,Hyderabad
UK-864,Bangalore,Hyderabad
UK-814,Bangalore,Hyderabad
UK-812,Bangalore,Hyderabad
6E-6212,Bangalore,Hyderabad
6E-855,Bangalore,Hyderabad
6E-357,Bangalore,Hyderabad
I5-818,Bangalore,Hyderabad
SG-5025,Bangalore,Hyderabad
G8-118,Bangalore,Hyderabad
UK-755,Bangalore,Hyderabad
G8-510,Bangalore,Hyderabad
G8-518,Bangalore,Hyderabad
G8-790,Bangalore,Hyderabad
G8-812,Bangalore,Hyderabad
G8-146,Bangalore,Hyderabad
G8-7559,Bangalore,Hyderabad
AI-523,Bangalore,Hyderabad
6E-684,Bangalore,Hyderabad
6E-7071,Bangalore,Hyderabad
G8-292,Bangalore,Hyderabad
G8-312,Bangalore,Hyderabad
G8-241,Bangalore,Hyderabad
6E-6012,Bangalore,Hyderabad
6E-356,Bangalore,Hyderabad
6E-478,Bangalore,Hyderabad
6E-6825,Bangalore,Hyderabad
6E-6269,Bangalore,Hyderabad
6E-575,Bangalore,Hyderabad
G8-294,Bangalore,Hyderabad
6E-6178,Bangalore,Hyderabad
AI-776,Bangalore,Hyderabad
6E-537,Bangalore,Hyderabad
G8-815,Bangalore,Hyderabad
G8-873,Bangalore,Hyderabad
AI-604,Bangalore,Hyderabad
AI-772,Bangalore,Hyderabad
AI-564,Bangalore,Hyderabad
6E-841,Bangalore,Chennai
6E-541,Bangalore,Chennai
UK-802,Bangalore,Chennai
UK-820,Bangalore,Chennai
AI-501,Bangalore,Chennai
AI-505,Bangalore,Chennai
UK-808,Bangalore,Chennai
UK-816,Bangalore,Chennai
AI-503,Bangalore,Chennai
AI-808,Bangalore,Chennai
AI-9517,Bangalore,Chennai
UK-850,Bangalore,Chennai
UK-818,Bangalore,Chennai
UK-854,Bangalore,Chennai
SG-4009,Bangalore,Chennai
I5-1228,Bangalore,Chennai
6E-6017,Bangalore,Chennai
6E-6326,Bangalore,Chennai
AI-640,Bangalore,Chennai
AI-9876,Bangalore,Chennai
UK-858,Bangalore,Chennai
AI-9547,Bangalore,Chennai
AI-9505,Bangalore,Chennai
AI-507,Bangalore,Chennai
UK-657,Bangalore,Chennai
UK-852,Bangalore,Chennai
UK-810,Bangalore,Chennai
AI-804,Bangalore,Chennai
I5-5204,Bangalore,Chennai
AI-9927,Bangalore,Chennai
AI-9501,Bangalore,Chennai
UK-867,Bangalore,Chennai
SG-1031,Bangalore,Chennai
AI-516,Bangalore,Chennai
AI-610,Bangalore,Chennai
AI-748,Bangalore,Chennai
AI-9925,Bangalore,Chennai
UK-866,Bangalore,Chennai
UK-846,Bangalore,Chennai
UK-864,Bangalore,Chennai
UK-897,Bangalore,Chennai
UK-893,Bangalore,Chennai
UK-812,Bangalore,Chennai
UK-814,Bangalore,Chennai
6E-357,Bangalore,Chennai
6E-6212,Bangalore,Chennai
AI-573,Bangalore,Chennai
AI-738,Bangalore,Chennai
I5-2461,Bangalore,Chennai
G8-320,Bangalore,Chennai
I5-1530,Bangalore,Chennai
G8-510,Bangalore,Chennai
G8-312,Bangalore,Chennai
G8-241,Bangalore,Chennai
G8-7543,Bangalore,Chennai
G8-399,Bangalore,Chennai
G8-7547,Bangalore,Chennai
G8-7548,Bangalore,Chennai
G8-395,Bangalore,Chennai
G8-803,Bangalore,Chennai
I5-1622,Bangalore,Chennai
G8-518,Bangalore,Chennai
G8-292,Bangalore,Chennai
6E-6012,Bangalore,Chennai
6E-356,Bangalore,Chennai
6E-575,Bangalore,Chennai
6E-6269,Bangalore,Chennai
6E-6825,Bangalore,Chennai
6E-478,Bangalore,Chennai
G8-283,Bangalore,Chennai
AI-776,Bangalore,Chennai
G8-385,Bangalore,Chennai
AI-604,Bangalore,Chennai
AI-772,Bangalore,Chennai
AI-564,Bangalore,Chennai
SG-8264,Kolkata,Delhi
I5-582,Kolkata,Delhi
I5-2473,Kolkata,Delhi
I5-1563,Kolkata,Delhi
6E-2009,Kolkata,Delhi
G8-519,Kolkata,Delhi
6E-751,Kolkata,Delhi
6E-487,Kolkata,Delhi
6E-224,Kolkata,Delhi
6E-6513,Kolkata,Delhi
6E-7177,Kolkata,Delhi
I5-991,Kolkata,Delhi
AI-402,Kolkata,Delhi
AI-768,Kolkata,Delhi
6E-7234,Kolkata,Delhi
I5-588,Kolkata,Delhi
6E-854,Kolkata,Delhi
6E-898,Kolkata,Delhi
6E-135,Kolkata,Delhi
UK-706,Kolkata,Delhi
UK-778,Kolkata,Delhi
6E-6172,Kolkata,Delhi
AI-721,Kolkata,Delhi
6E-715,Kolkata,Delhi
SG-3229,Kolkata,Delhi
SG-337,Kolkata,Delhi
6E-6488,Kolkata,Delhi
6E-6014,Kolkata,Delhi
6E-599,Kolkata,Delhi
6E-394,Kolkata,Delhi
G8-102,Kolkata,Delhi
6E-404,Kolkata,Delhi
AI-676,Kolkata,Delhi
UK-772,Kolkata,Delhi
6E-417,Kolkata,Delhi
AI-773,Kolkata,Delhi
UK-776,Kolkata,Delhi
6E-6339,Kolkata,Delhi
6E-994,Kolkata,Delhi
SG-4027,Kolkata,Delhi
6E-6021,Kolkata,Delhi
UK-774,Kolkata,Delhi
SG-4031,Kolkata,Delhi
AI-765,Kolkata,Delhi
6E-6785,Kolkata,Delhi
6E-634,Kolkata,Delhi
6E-6749,Kolkata,Delhi
G8-227,Kolkata,Delhi
SG-8130,Kolkata,Delhi
AI-763,Kolkata,Delhi
AI-770,Kolkata,Delhi
SG-9911,Kolkata,Delhi
G8-512,Kolkata,Delhi
6E-6214,Kolkata,Delhi
6E-6344,Kolkata,Delhi
6E-6324,Kolkata,Delhi
UK-738,Kolkata,Delhi
6E-895,Kolkata,Delhi
I5-547,Kolkata,Delhi
I5-552,Kolkata,Delhi
6E-139,Kolkata,Delhi
6E-566,Kolkata,Delhi
AI-9745,Kolkata,Delhi
SG-3281,Kolkata,Delhi
UK-720,Kolkata,Delhi
6E-7561,Kolkata,Delhi
6E-282,Kolkata,Delhi
I5-319,Kolkata,Delhi
6E-7583,Kolkata,Delhi
6E-512,Kolkata,Delhi
SG-4025,Kolkata,Delhi
6E-261,Kolkata,Delhi
6E-961,Kolkata,Delhi
AI-787,Kolkata,Delhi
SG-3839,Kolkata,Delhi
6E-496,Kolkata,Delhi
AI-573,Kolkata,Delhi
6E-6623,Kolkata,Delhi
SG-1077,Kolkata,Delhi
6E-2474,Kolkata,Delhi
6E-6917,Kolkata,Delhi
6E-811,Kolkata,Delhi
6E-2127,Kolkata,Delhi
6E-6616,Kolkata,Delhi
AI-424,Kolkata,Delhi
AI-9741,Kolkata,Delhi
6E-7623,Kolkata,Delhi
AI-9755,Kolkata,Delhi
I5-2991,Kolkata,Delhi
G8-393,Kolkata,Delhi
AI-526,Kolkata,Delhi
AI-745,Kolkata,Delhi
6E-7264,Kolkata,Delhi
UK-708,Kolkata,Delhi
6E-294,Kolkata,Delhi
AI-732,Kolkata,Delhi
G8-789,Kolkata,Delhi
AI-747,Kolkata,Delhi
G8-792,Kolkata,Delhi
6E-6891,Kolkata,Delhi
6E-875,Kolkata,Delhi
6E-2516,Kolkata,Delhi
6E-757,Kolkata,Delhi
AI-9720,Kolkata,Delhi
6E-375,Kolkata,Delhi
AI-9929,Kolkata,Delhi
AI-729,Kolkata,Delhi
6E-6965,Kolkata,Delhi
6E-563,Kolkata,Delhi
AI-713,Kolkata,Delhi
AI-715,Kolkata,Delhi
I5-583,Kolkata,Delhi
I5-5406,Kolkata,Delhi
6E-318,Kolkata,Delhi
6E-123,Kolkata,Delhi
6E-245,Kolkata,Delhi
I5-830,Kolkata,Delhi
G8-537,Kolkata,Delhi
G8-532,Kolkata,Delhi
G8-125,Kolkata,Delhi
G8-295,Kolkata,Delhi
G8-626,Kolkata,Delhi
6E-6087,Kolkata,Delhi
G8-787,Kolkata,Delhi
G8-7562,Kolkata,Delhi
G8-7560,Kolkata,Delhi
6E-893,Kolkata,Delhi
AI-781,Kolkata,Delhi
SG-1058,Kolkata,Delhi
AI-743,Kolkata,Delhi
G8-297,Kolkata,Delhi
6E-856,Kolkata,Delhi
6E-6717,Kolkata,Delhi
6E-7115,Kolkata,Delhi
6E-713,Kolkata,Delhi
G8-299,Kolkata,Delhi
6E-2008,Kolkata,Delhi
SG-254,Kolkata,Delhi
SG-264,Kolkata,Delhi
6E-6121,Kolkata,Delhi
6E-7202,Kolkata,Delhi
6E-7147,Kolkata,Delhi
6E-227,Kolkata,Delhi
6E-798,Kolkata,Delhi
AI-776,Kolkata,Delhi
AI-780,Kolkata,Delhi
6E-759,Kolkata,Delhi
G8-676,Kolkata,Delhi
SG-3723,Kolkata,Delhi
SG-649,Kolkata,Delhi
SG-3321,Kolkata,Delhi
AI-775,Kolkata,Delhi
AI-771,Kolkata,Delhi
6E-192,Kolkata,Delhi
I5-1563,Kolkata,Mumbai
SG-489,Kolkata,Mumbai
G8-519,Kolkata,Mumbai
6E-6227,Kolkata,Mumbai
6E-5327,Kolkata,Mumbai
6E-6513,Kolkata,Mumbai
SG-8264,Kolkata,Mumbai
AI-676,Kolkata,Mumbai
UK-772,Kolkata,Mumbai
6E-6965,Kolkata,Mumbai
AI-773,Kolkata,Mumbai
UK-776,Kolkata,Mumbai
6E-6087,Kolkata,Mumbai
6E-7175,Kolkata,Mumbai
6E-6172,Kolkata,Mumbai
AI-402,Kolkata,Mumbai
SG-406,Kolkata,Mumbai
SG-337,Kolkata,Mumbai
UK-774,Kolkata,Mumbai
I5-991,Kolkata,Mumbai
AI-768,Kolkata,Mumbai
6E-6488,Kolkata,Mumbai
UK-778,Kolkata,Mumbai
UK-706,Kolkata,Mumbai
G8-789,Kolkata,Mumbai
6E-6021,Kolkata,Mumbai
SG-242,Kolkata,Mumbai
AI-765,Kolkata,Mumbai
G8-512,Kolkata,Mumbai
6E-6214,Kolkata,Mumbai
6E-139,Kolkata,Mumbai
G8-227,Kolkata,Mumbai
G8-102,Kolkata,Mumbai
SG-8130,Kolkata,Mumbai
SG-387,Kolkata,Mumbai
I5-547,Kolkata,Mumbai
UK-738,Kolkata,Mumbai
AI-763,Kolkata,Mumbai
AI-770,Kolkata,Mumbai
SG-9911,Kolkata,Mumbai
6E-7561,Kolkata,Mumbai
SG-3839,Kolkata,Mumbai
SG-516,Kolkata,Mumbai
UK-720,Kolkata,Mumbai
AI-787,Kolkata,Mumbai
AI-9745,Kolkata,Mumbai
6E-135,Kolkata,Mumbai
SG-4027,Kolkata,Mumbai
SG-679,Kolkata,Mumbai
G8-537,Kolkata,Mumbai
6E-282,Kolkata,Mumbai
6E-725,Kolkata,Mumbai
AI-729,Kolkata,Mumbai
AI-9741,Kolkata,Mumbai
6E-496,Kolkata,Mumbai
I5-2991,Kolkata,Mumbai
SG-5088,Kolkata,Mumbai
6E-7623,Kolkata,Mumbai
AI-573,Kolkata,Mumbai
SG-732,Kolkata,Mumbai
AI-424,Kolkata,Mumbai
AI-732,Kolkata,Mumbai
UK-708,Kolkata,Mumbai
AI-747,Kolkata,Mumbai
I5-588,Kolkata,Mumbai
6E-318,Kolkata,Mumbai
G8-704,Kolkata,Mumbai
6E-375,Kolkata,Mumbai
AI-9720,Kolkata,Mumbai
AI-9929,Kolkata,Mumbai
AI-9755,Kolkata,Mumbai
AI-526,Kolkata,Mumbai
I5-582,Kolkata,Mumbai
I5-5406,Kolkata,Mumbai
I5-2473,Kolkata,Mumbai
I5-552,Kolkata,Mumbai
I5-830,Kolkata,Mumbai
G8-7562,Kolkata,Mumbai
G8-792,Kolkata,Mumbai
G8-7560,Kolkata,Mumbai
6E-893,Kolkata,Mumbai
AI-781,Kolkata,Mumbai
6E-6917,Kolkata,Mumbai
AI-743,Kolkata,Mumbai
SG-3564,Kolkata,Mumbai
6E-6597,Kolkata,Mumbai
6E-7114,Kolkata,Mumbai
SG-366,Kolkata,Mumbai
6E-892,Kolkata,Mumbai
6E-713,Kolkata,Mumbai
AI-776,Kolkata,Mumbai
G8-299,Kolkata,Mumbai
6E-7583,Kolkata,Mumbai
G8-701,Kolkata,Mumbai
AI-775,Kolkata,Mumbai
SG-264,Kolkata,Mumbai
SG-254,Kolkata,Mumbai
6E-6891,Kolkata,Mumbai
SG-649,Kolkata,Mumbai
SG-3321,Kolkata,Mumbai
AI-771,Kolkata,Mumbai
SG-406,Kolkata,Bangalore
6E-134,Kolkata,Bangalore
I5-2473,Kolkata,Bangalore
G8-519,Kolkata,Bangalore
6E-566,Kolkata,Bangalore
I5-588,Kolkata,Bangalore
6E-716,Kolkata,Bangalore
6E-6172,Kolkata,Bangalore
6E-822,Kolkata,Bangalore
I5-1563,Kolkata,Bangalore
UK-772,Kolkata,Bangalore
6E-966,Kolkata,Bangalore
I5-991,Kolkata,Bangalore
AI-676,Kolkata,Bangalore
UK-776,Kolkata,Bangalore
AI-402,Kolkata,Bangalore
AI-773,Kolkata,Bangalore
6E-7177,Kolkata,Bangalore
6E-534,Kolkata,Bangalore
UK-706,Kolkata,Bangalore
UK-778,Kolkata,Bangalore
AI-770,Kolkata,Bangalore
UK-774,Kolkata,Bangalore
6E-6021,Kolkata,Bangalore
I5-371,Kolkata,Bangalore
I5-510,Kolkata,Bangalore
SG-387,Kolkata,Bangalore
G8-393,Kolkata,Bangalore
G8-227,Kolkata,Bangalore
6E-563,Kolkata,Bangalore
I5-582,Kolkata,Bangalore
6E-7561,Kolkata,Bangalore
I5-552,Kolkata,Bangalore
I5-547,Kolkata,Bangalore
I5-319,Kolkata,Bangalore
SG-516,Kolkata,Bangalore
6E-496,Kolkata,Bangalore
AI-763,Kolkata,Bangalore
G8-512,Kolkata,Bangalore
6E-512,Kolkata,Bangalore
SG-679,Kolkata,Bangalore
AI-768,Kolkata,Bangalore
UK-738,Kolkata,Bangalore
6E-135,Kolkata,Bangalore
6E-345,Kolkata,Bangalore
AI-573,Kolkata,Bangalore
UK-720,Kolkata,Bangalore
SG-3839,Kolkata,Bangalore
G8-537,Kolkata,Bangalore
G8-101,Kolkata,Bangalore
SG-3281,Kolkata,Bangalore
6E-7713,Kolkata,Bangalore
6E-989,Kolkata,Bangalore
AI-732,Kolkata,Bangalore
G8-789,Kolkata,Bangalore
6E-268,Kolkata,Bangalore
I5-2991,Kolkata,Bangalore
SG-5091,Kolkata,Bangalore
SG-5075,Kolkata,Bangalore
SG-274,Kolkata,Bangalore
6E-6128,Kolkata,Bangalore
6E-7623,Kolkata,Bangalore
AI-424,Kolkata,Bangalore
SG-732,Kolkata,Bangalore
AI-526,Kolkata,Bangalore
6E-958,Kolkata,Bangalore
6E-292,Kolkata,Bangalore
AI-747,Kolkata,Bangalore
UK-708,Kolkata,Bangalore
G8-792,Kolkata,Bangalore
6E-379,Kolkata,Bangalore
G8-102,Kolkata,Bangalore
G8-701,Kolkata,Bangalore
6E-417,Kolkata,Bangalore
AI-9720,Kolkata,Bangalore
AI-9745,Kolkata,Bangalore
AI-9929,Kolkata,Bangalore
6E-375,Kolkata,Bangalore
6E-6488,Kolkata,Bangalore
I5-5406,Kolkata,Bangalore
I5-541,Kolkata,Bangalore
I5-830,Kolkata,Bangalore
G8-7560,Kolkata,Bangalore
G8-125,Kolkata,Bangalore
G8-626,Kolkata,Bangalore
G8-7562,Kolkata,Bangalore
G8-704,Kolkata,Bangalore
6E-893,Kolkata,Bangalore
6E-725,Kolkata,Bangalore
6E-6917,Kolkata,Bangalore
6E-6597,Kolkata,Bangalore
AI-775,Kolkata,Bangalore
6E-759,Kolkata,Bangalore
6E-7115,Kolkata,Bangalore
6E-271,Kolkata,Bangalore
6E-294,Kolkata,Bangalore
6E-713,Kolkata,Bangalore
6E-875,Kolkata,Bangalore
I5-360,Kolkata,Bangalore
I5-556,Kolkata,Bangalore
AI-776,Kolkata,Bangalore
6E-892,Kolkata,Bangalore
6E-374,Kolkata,Bangalore
AI-771,Kolkata,Bangalore
AI-765,Kolkata,Bangalore
G8-125,Kolkata,Hyderabad
6E-6172,Kolkata,Hyderabad
I5-1563,Kolkata,Hyderabad
6E-321,Kolkata,Hyderabad
6E-134,Kolkata,Hyderabad
6E-725,Kolkata,Hyderabad
6E-6021,Kolkata,Hyderabad
UK-776,Kolkata,Hyderabad
UK-772,Kolkata,Hyderabad
AI-402,Kolkata,Hyderabad
AI-768,Kolkata,Hyderabad
6E-716,Kolkata,Hyderabad
UK-778,Kolkata,Hyderabad
UK-706,Kolkata,Hyderabad
AI-770,Kolkata,Hyderabad
AI-773,Kolkata,Hyderabad
UK-774,Kolkata,Hyderabad
6E-417,Kolkata,Hyderabad
AI-765,Kolkata,Hyderabad
6E-6488,Kolkata,Hyderabad
6E-566,Kolkata,Hyderabad
6E-811,Kolkata,Hyderabad
6E-822,Kolkata,Hyderabad
SG-3281,Kolkata,Hyderabad
I5-510,Kolkata,Hyderabad
6E-135,Kolkata,Hyderabad
6E-496,Kolkata,Hyderabad
6E-512,Kolkata,Hyderabad
6E-6214,Kolkata,Hyderabad
AI-676,Kolkata,Hyderabad
AI-763,Kolkata,Hyderabad
G8-227,Kolkata,Hyderabad
6E-139,Kolkata,Hyderabad
6E-6324,Kolkata,Hyderabad
6E-5327,Kolkata,Hyderabad
6E-7234,Kolkata,Hyderabad
G8-102,Kolkata,Hyderabad
UK-738,Kolkata,Hyderabad
SG-3839,Kolkata,Hyderabad
6E-563,Kolkata,Hyderabad
6E-6926,Kolkata,Hyderabad
UK-720,Kolkata,Hyderabad
6E-961,Kolkata,Hyderabad
6E-207,Kolkata,Hyderabad
6E-599,Kolkata,Hyderabad
6E-345,Kolkata,Hyderabad
AI-573,Kolkata,Hyderabad
6E-6785,Kolkata,Hyderabad
AI-9745,Kolkata,Hyderabad
6E-7561,Kolkata,Hyderabad
AI-732,Kolkata,Hyderabad
AI-747,Kolkata,Hyderabad
SG-3832,Kolkata,Hyderabad
I5-2473,Kolkata,Hyderabad
I5-2991,Kolkata,Hyderabad
AI-424,Kolkata,Hyderabad
6E-6128,Kolkata,Hyderabad
SG-3835,Kolkata,Hyderabad
6E-6513,Kolkata,Hyderabad
6E-2474,Kolkata,Hyderabad
6E-854,Kolkata,Hyderabad
6E-2127,Kolkata,Hyderabad
AI-526,Kolkata,Hyderabad
6E-958,Kolkata,Hyderabad
UK-708,Kolkata,Hyderabad
6E-294,Kolkata,Hyderabad
I5-588,Kolkata,Hyderabad
G8-701,Kolkata,Hyderabad
6E-379,Kolkata,Hyderabad
6E-7264,Kolkata,Hyderabad
AI-9720,Kolkata,Hyderabad
AI-9929,Kolkata,Hyderabad
6E-757,Kolkata,Hyderabad
6E-2516,Kolkata,Hyderabad
6E-375,Kolkata,Hyderabad
6E-292,Kolkata,Hyderabad
6E-875,Kolkata,Hyderabad
6E-7583,Kolkata,Hyderabad
I5-5406,Kolkata,Hyderabad
6E-318,Kolkata,Hyderabad
6E-487,Kolkata,Hyderabad
I5-552,Kolkata,Hyderabad
6E-245,Kolkata,Hyderabad
G8-789,Kolkata,Hyderabad
G8-626,Kolkata,Hyderabad
I5-556,Kolkata,Hyderabad
G8-792,Kolkata,Hyderabad
G8-7560,Kolkata,Hyderabad
6E-893,Kolkata,Hyderabad
G8-393,Kolkata,Hyderabad
6E-6597,Kolkata,Hyderabad
6E-192,Kolkata,Hyderabad
6E-271,Kolkata,Hyderabad
AI-776,Kolkata,Hyderabad
6E-898,Kolkata,Hyderabad
6E-759,Kolkata,Hyderabad
6E-6444,Kolkata,Hyderabad
6E-6741,Kolkata,Hyderabad
6E-7115,Kolkata,Hyderabad
6E-6965,Kolkata,Hyderabad
6E-713,Kolkata,Hyderabad
6E-404,Kolkata,Hyderabad
6E-892,Kolkata,Hyderabad
AI-775,Kolkata,Hyderabad
SG-2508,Kolkata,Hyderabad
G8-537,Kolkata,Hyderabad
AI-771,Kolkata,Hyderabad
SG-406,Kolkata,Chennai
6E-134,Kolkata,Chennai
6E-566,Kolkata,Chennai
6E-6172,Kolkata,Chennai
6E-6021,Kolkata,Chennai
I5-1563,Kolkata,Chennai
6E-417,Kolkata,Chennai
6E-294,Kolkata,Chennai
SG-3839,Kolkata,Chennai
AI-402,Kolkata,Chennai
AI-768,Kolkata,Chennai
UK-778,Kolkata,Chennai
AI-770,Kolkata,Chennai
UK-776,Kolkata,Chennai
AI-773,Kolkata,Chennai
UK-774,Kolkata,Chennai
SG-387,Kolkata,Chennai
6E-512,Kolkata,Chennai
6E-135,Kolkata,Chennai
I5-510,Kolkata,Chennai
I5-371,Kolkata,Chennai
AI-765,Kolkata,Chennai
6E-563,Kolkata,Chennai
6E-496,Kolkata,Chennai
AI-787,Kolkata,Chennai
AI-763,Kolkata,Chennai
AI-676,Kolkata,Chennai
SG-516,Kolkata,Chennai
UK-738,Kolkata,Chennai
UK-772,Kolkata,Chennai
UK-720,Kolkata,Chennai
6E-345,Kolkata,Chennai
6E-822,Kolkata,Chennai
6E-7561,Kolkata,Chennai
AI-732,Kolkata,Chennai
AI-9720,Kolkata,Chennai
SG-5067,Kolkata,Chennai
I5-2991,Kolkata,Chennai
6E-6128,Kolkata,Chennai
SG-732,Kolkata,Chennai
AI-424,Kolkata,Chennai
UK-706,Kolkata,Chennai
AI-526,Kolkata,Chennai
UK-708,Kolkata,Chennai
AI-9745,Kolkata,Chennai
I5-588,Kolkata,Chennai
6E-379,Kolkata,Chennai
6E-534,Kolkata,Chennai
6E-958,Kolkata,Chennai
6E-292,Kolkata,Chennai
6E-725,Kolkata,Chennai
AI-729,Kolkata,Chennai
AI-9755,Kolkata,Chennai
AI-745,Kolkata,Chennai
I5-5406,Kolkata,Chennai
I5-2473,Kolkata,Chennai
G8-519,Kolkata,Chennai
I5-556,Kolkata,Chennai
G8-7562,Kolkata,Chennai
G8-537,Kolkata,Chennai
6E-893,Kolkata,Chennai
I5-991,Kolkata,Chennai
AI-743,Kolkata,Chennai
G8-393,Kolkata,Chennai
6E-759,Kolkata,Chennai
6E-271,Kolkata,Chennai
I5-360,Kolkata,Chennai
6E-192,Kolkata,Chennai
6E-6597,Kolkata,Chennai
AI-776,Kolkata,Chennai
6E-6891,Kolkata,Chennai
6E-7583,Kolkata,Chennai
6E-892,Kolkata,Chennai
6E-713,Kolkata,Chennai
G8-512,Kolkata,Chennai
AI-771,Kolkata,Chennai
I5-1543,Hyderabad,Delhi
UK-880,Hyderabad,Delhi
I5-1517,Hyderabad,Delhi
SG-3283,Hyderabad,Delhi
6E-2248,Hyderabad,Delhi
6E-643,Hyderabad,Delhi
6E-913,Hyderabad,Delhi
6E-7136,Hyderabad,Delhi
I5-1518,Hyderabad,Delhi
AI-9518,Hyderabad,Delhi
AI-9891,Hyderabad,Delhi
AI-9881,Hyderabad,Delhi
6E-7076,Hyderabad,Delhi
SG-4003,Hyderabad,Delhi
6E-2456,Hyderabad,Delhi
6E-6684,Hyderabad,Delhi
UK-860,Hyderabad,Delhi
UK-890,Hyderabad,Delhi
UK-870,Hyderabad,Delhi
AI-698,Hyderabad,Delhi
6E-2093,Hyderabad,Delhi
UK-830,Hyderabad,Delhi
AI-543,Hyderabad,Delhi
AI-9875,Hyderabad,Delhi
UK-876,Hyderabad,Delhi
6E-6307,Hyderabad,Delhi
6E-6737,Hyderabad,Delhi
AI-9885,Hyderabad,Delhi
AI-840,Hyderabad,Delhi
AI-9893,Hyderabad,Delhi
6E-7121,Hyderabad,Delhi
I5-517,Hyderabad,Delhi
6E-6467,Hyderabad,Delhi
G8-123,Hyderabad,Delhi
SG-390,Hyderabad,Delhi
6E-7156,Hyderabad,Delhi
AI-508,Hyderabad,Delhi
6E-6277,Hyderabad,Delhi
6E-269,Hyderabad,Delhi
AI-525,Hyderabad,Delhi
AI-9928,Hyderabad,Delhi
AI-507,Hyderabad,Delhi
G8-661,Hyderabad,Delhi
SG-5069,Hyderabad,Delhi
AI-838,Hyderabad,Delhi
AI-541,Hyderabad,Delhi
G8-424,Hyderabad,Delhi
6E-3211,Hyderabad,Delhi
6E-7271,Hyderabad,Delhi
UK-878,Hyderabad,Delhi
AI-9921,Hyderabad,Delhi
AI-515,Hyderabad,Delhi
I5-974,Hyderabad,Delhi
6E-6865,Hyderabad,Delhi
AI-559,Hyderabad,Delhi
I5-972,Hyderabad,Delhi
UK-874,Hyderabad,Delhi
UK-659,Hyderabad,Delhi
UK-898,Hyderabad,Delhi
UK-894,Hyderabad,Delhi
6E-2349,Hyderabad,Delhi
6E-3214,Hyderabad,Delhi
6E-982,Hyderabad,Delhi
6E-6062,Hyderabad,Delhi
6E-6553,Hyderabad,Delhi
I5-1576,Hyderabad,Delhi
I5-766,Hyderabad,Delhi
G8-7556,Hyderabad,Delhi
G8-426,Hyderabad,Delhi
G8-509,Hyderabad,Delhi
G8-515,Hyderabad,Delhi
G8-571,Hyderabad,Delhi
G8-625,Hyderabad,Delhi
G8-681,Hyderabad,Delhi
G8-506,Hyderabad,Delhi
G8-513,Hyderabad,Delhi
G8-517,Hyderabad,Delhi
I5-1426,Hyderabad,Delhi
6E-2763,Hyderabad,Delhi
AI-616,Hyderabad,Delhi
AI-420,Hyderabad,Delhi
6E-695,Hyderabad,Delhi
6E-7307,Hyderabad,Delhi
6E-938,Hyderabad,Delhi
6E-621,Hyderabad,Delhi
6E-6915,Hyderabad,Delhi
6E-2069,Hyderabad,Delhi
6E-5176,Hyderabad,Delhi
6E-595,Hyderabad,Delhi
G8-551,Hyderabad,Delhi
AI-546,Hyderabad,Delhi
AI-620,Hyderabad,Delhi
6E-866,Hyderabad,Delhi
6E-6294,Hyderabad,Delhi
6E-2511,Hyderabad,Delhi
AI-780,Hyderabad,Delhi
G8-813,Hyderabad,Delhi
SG-3728,Hyderabad,Delhi
6E-5369,Hyderabad,Mumbai
6E-5211,Hyderabad,Mumbai
6E-7156,Hyderabad,Mumbai
6E-5218,Hyderabad,Mumbai
6E-6433,Hyderabad,Mumbai
AI-9881,Hyderabad,Mumbai
I5-1518,Hyderabad,Mumbai
6E-905,Hyderabad,Mumbai
6E-793,Hyderabad,Mumbai
AI-543,Hyderabad,Mumbai
G8-123,Hyderabad,Mumbai
AI-840,Hyderabad,Mumbai
G8-571,Hyderabad,Mumbai
AI-698,Hyderabad,Mumbai
UK-876,Hyderabad,Mumbai
6E-5207,Hyderabad,Mumbai
AI-9893,Hyderabad,Mumbai
6E-992,Hyderabad,Mumbai
6E-743,Hyderabad,Mumbai
G8-504,Hyderabad,Mumbai
AI-9885,Hyderabad,Mumbai
UK-890,Hyderabad,Mumbai
UK-880,Hyderabad,Mumbai
UK-860,Hyderabad,Mumbai
UK-870,Hyderabad,Mumbai
AI-508,Hyderabad,Mumbai
6E-132,Hyderabad,Mumbai
AI-9518,Hyderabad,Mumbai
6E-903,Hyderabad,Mumbai
G8-661,Hyderabad,Mumbai
UK-830,Hyderabad,Mumbai
AI-9928,Hyderabad,Mumbai
AI-525,Hyderabad,Mumbai
2T-515,Hyderabad,Mumbai
UK-878,Hyderabad,Mumbai
I5-974,Hyderabad,Mumbai
6E-5358,Hyderabad,Mumbai
AI-541,Hyderabad,Mumbai
AI-838,Hyderabad,Mumbai
AI-515,Hyderabad,Mumbai
G8-424,Hyderabad,Mumbai
AI-9891,Hyderabad,Mumbai
AI-9921,Hyderabad,Mumbai
6E-7136,Hyderabad,Mumbai
UK-874,Hyderabad,Mumbai
I5-972,Hyderabad,Mumbai
AI-559,Hyderabad,Mumbai
UK-894,Hyderabad,Mumbai
UK-898,Hyderabad,Mumbai
AI-507,Hyderabad,Mumbai
UK-659,Hyderabad,Mumbai
6E-199,Hyderabad,Mumbai
AI-9875,Hyderabad,Mumbai
I5-1543,Hyderabad,Mumbai
I5-766,Hyderabad,Mumbai
I5-1517,Hyderabad,Mumbai
G8-509,Hyderabad,Mumbai
G8-7556,Hyderabad,Mumbai
G8-501,Hyderabad,Mumbai
G8-506,Hyderabad,Mumbai
G8-426,Hyderabad,Mumbai
G8-625,Hyderabad,Mumbai
G8-517,Hyderabad,Mumbai
G8-513,Hyderabad,Mumbai
AI-616,Hyderabad,Mumbai
AI-542,Hyderabad,Mumbai
AI-620,Hyderabad,Mumbai
6E-6106,Hyderabad,Mumbai
6E-6268,Hyderabad,Mumbai
6E-453,Hyderabad,Mumbai
6E-584,Hyderabad,Mumbai
6E-884,Hyderabad,Mumbai
G8-121,Hyderabad,Mumbai
AI-546,Hyderabad,Mumbai
G8-551,Hyderabad,Mumbai
G8-813,Hyderabad,Mumbai
G8-503,Hyderabad,Mumbai
G8-505,Hyderabad,Mumbai
AI-420,Hyderabad,Mumbai
AI-780,Hyderabad,Mumbai
G8-806,Hyderabad,Bangalore
AI-9881,Hyderabad,Bangalore
I5-1543,Hyderabad,Bangalore
I5-1518,Hyderabad,Bangalore
6E-6319,Hyderabad,Bangalore
6E-371,Hyderabad,Bangalore
I5-1517,Hyderabad,Bangalore
6E-285,Hyderabad,Bangalore
6E-7224,Hyderabad,Bangalore
AI-840,Hyderabad,Bangalore
S5-152,Hyderabad,Bangalore
I5-510,Hyderabad,Bangalore
AI-9875,Hyderabad,Bangalore
2T-623,Hyderabad,Bangalore
6E-6066,Hyderabad,Bangalore
6E-413,Hyderabad,Bangalore
6E-531,Hyderabad,Bangalore
6E-514,Hyderabad,Bangalore
6E-6151,Hyderabad,Bangalore
UK-876,Hyderabad,Bangalore
6E-827,Hyderabad,Bangalore
AI-698,Hyderabad,Bangalore
UK-860,Hyderabad,Bangalore
UK-870,Hyderabad,Bangalore
UK-890,Hyderabad,Bangalore
AI-543,Hyderabad,Bangalore
AI-9885,Hyderabad,Bangalore
AI-508,Hyderabad,Bangalore
G8-661,Hyderabad,Bangalore
AI-9518,Hyderabad,Bangalore
6E-2005,Hyderabad,Bangalore
AI-9928,Hyderabad,Bangalore
G8-424,Hyderabad,Bangalore
UK-830,Hyderabad,Bangalore
UK-880,Hyderabad,Bangalore
AI-525,Hyderabad,Bangalore
I5-974,Hyderabad,Bangalore
AI-515,Hyderabad,Bangalore
UK-878,Hyderabad,Bangalore
AI-9891,Hyderabad,Bangalore
AI-9921,Hyderabad,Bangalore
AI-541,Hyderabad,Bangalore
AI-838,Hyderabad,Bangalore
UK-894,Hyderabad,Bangalore
UK-898,Hyderabad,Bangalore
UK-874,Hyderabad,Bangalore
AI-559,Hyderabad,Bangalore
UK-659,Hyderabad,Bangalore
6E-6505,Hyderabad,Bangalore
I5-972,Hyderabad,Bangalore
6E-157,Hyderabad,Bangalore
6E-7298,Hyderabad,Bangalore
AI-9937,Hyderabad,Bangalore
AI-507,Hyderabad,Bangalore
G8-509,Hyderabad,Bangalore
G8-517,Hyderabad,Bangalore
G8-7556,Hyderabad,Bangalore
G8-515,Hyderabad,Bangalore
G8-426,Hyderabad,Bangalore
G8-504,Hyderabad,Bangalore
6E-949,Hyderabad,Bangalore
6E-102,Hyderabad,Bangalore
6E-668,Hyderabad,Bangalore
AI-616,Hyderabad,Bangalore
6E-7201,Hyderabad,Bangalore
6E-7211,Hyderabad,Bangalore
S5-150,Hyderabad,Bangalore
6E-6007,Hyderabad,Bangalore
6E-6216,Hyderabad,Bangalore
6E-121,Hyderabad,Bangalore
G8-121,Hyderabad,Bangalore
6E-887,Hyderabad,Bangalore
6E-151,Hyderabad,Bangalore
6E-6417,Hyderabad,Bangalore
AI-620,Hyderabad,Bangalore
G8-813,Hyderabad,Bangalore
G8-962,Hyderabad,Bangalore
G8-551,Hyderabad,Bangalore
AI-780,Hyderabad,Bangalore
AI-420,Hyderabad,Bangalore
AI-546,Hyderabad,Bangalore
AI-9893,Hyderabad,Bangalore
G8-513,Hyderabad,Bangalore
6E-809,Hyderabad,Kolkata
SG-3283,Hyderabad,Kolkata
6E-514,Hyderabad,Kolkata
6E-283,Hyderabad,Kolkata
6E-944,Hyderabad,Kolkata
SG-3831,Hyderabad,Kolkata
UK-880,Hyderabad,Kolkata
G8-806,Hyderabad,Kolkata
AI-840,Hyderabad,Kolkata
6E-6593,Hyderabad,Kolkata
AI-9881,Hyderabad,Kolkata
6E-6319,Hyderabad,Kolkata
6E-371,Hyderabad,Kolkata
AI-9891,Hyderabad,Kolkata
6E-7224,Hyderabad,Kolkata
I5-1543,Hyderabad,Kolkata
6E-6553,Hyderabad,Kolkata
6E-7076,Hyderabad,Kolkata
6E-6467,Hyderabad,Kolkata
6E-531,Hyderabad,Kolkata
6E-5218,Hyderabad,Kolkata
I5-510,Hyderabad,Kolkata
6E-384,Hyderabad,Kolkata
SG-517,Hyderabad,Kolkata
I5-517,Hyderabad,Kolkata
6E-6151,Hyderabad,Kolkata
6E-6358,Hyderabad,Kolkata
AI-9885,Hyderabad,Kolkata
AI-9893,Hyderabad,Kolkata
6E-922,Hyderabad,Kolkata
6E-425,Hyderabad,Kolkata
AI-541,Hyderabad,Kolkata
6E-6366,Hyderabad,Kolkata
G8-123,Hyderabad,Kolkata
6E-149,Hyderabad,Kolkata
6E-6007,Hyderabad,Kolkata
UK-876,Hyderabad,Kolkata
6E-6339,Hyderabad,Kolkata
6E-6893,Hyderabad,Kolkata
6E-413,Hyderabad,Kolkata
SG-731,Hyderabad,Kolkata
UK-860,Hyderabad,Kolkata
AI-543,Hyderabad,Kolkata
UK-870,Hyderabad,Kolkata
UK-890,Hyderabad,Kolkata
6E-2093,Hyderabad,Kolkata
6E-6737,Hyderabad,Kolkata
I5-1518,Hyderabad,Kolkata
6E-6684,Hyderabad,Kolkata
AI-508,Hyderabad,Kolkata
AI-9875,Hyderabad,Kolkata
AI-525,Hyderabad,Kolkata
AI-507,Hyderabad,Kolkata
6E-269,Hyderabad,Kolkata
6E-643,Hyderabad,Kolkata
6E-2456,Hyderabad,Kolkata
G8-424,Hyderabad,Kolkata
6E-5369,Hyderabad,Kolkata
AI-9518,Hyderabad,Kolkata
6E-905,Hyderabad,Kolkata
UK-830,Hyderabad,Kolkata
AI-9928,Hyderabad,Kolkata
6E-266,Hyderabad,Kolkata
6E-903,Hyderabad,Kolkata
AI-420,Hyderabad,Kolkata
6E-995,Hyderabad,Kolkata
6E-827,Hyderabad,Kolkata
6E-2248,Hyderabad,Kolkata
6E-5207,Hyderabad,Kolkata
6E-886,Hyderabad,Kolkata
AI-515,Hyderabad,Kolkata
6E-132,Hyderabad,Kolkata
UK-878,Hyderabad,Kolkata
AI-838,Hyderabad,Kolkata
SG-5094,Hyderabad,Kolkata
I5-974,Hyderabad,Kolkata
6E-6211,Hyderabad,Kolkata
AI-559,Hyderabad,Kolkata
UK-874,Hyderabad,Kolkata
UK-898,Hyderabad,Kolkata
UK-894,Hyderabad,Kolkata
UK-659,Hyderabad,Kolkata
G8-504,Hyderabad,Kolkata
6E-879,Hyderabad,Kolkata
6E-157,Hyderabad,Kolkata
6E-199,Hyderabad,Kolkata
6E-913,Hyderabad,Kolkata
6E-6505,Hyderabad,Kolkata
6E-2349,Hyderabad,Kolkata
AI-698,Hyderabad,Kolkata
6E-6242,Hyderabad,Kolkata
6E-982,Hyderabad,Kolkata
I5-766,Hyderabad,Kolkata
G8-625,Hyderabad,Kolkata
G8-7556,Hyderabad,Kolkata
G8-426,Hyderabad,Kolkata
G8-509,Hyderabad,Kolkata
6E-6066,Hyderabad,Kolkata
6E-165,Hyderabad,Kolkata
6E-668,Hyderabad,Kolkata
6E-949,Hyderabad,Kolkata
6E-5211,Hyderabad,Kolkata
6E-2763,Hyderabad,Kolkata
AI-616,Hyderabad,Kolkata
6E-6719,Hyderabad,Kolkata
6E-102,Hyderabad,Kolkata
AI-780,Hyderabad,Kolkata
AI-546,Hyderabad,Kolkata
6E-6865,Hyderabad,Kolkata
6E-6148,Hyderabad,Kolkata
6E-6106,Hyderabad,Kolkata
6E-2069,Hyderabad,Kolkata
6E-6268,Hyderabad,Kolkata
6E-882,Hyderabad,Kolkata
6E-6294,Hyderabad,Kolkata
6E-695,Hyderabad,Kolkata
6E-453,Hyderabad,Kolkata
6E-208,Hyderabad,Kolkata
G8-121,Hyderabad,Kolkata
AI-620,Hyderabad,Kolkata
6E-2511,Hyderabad,Kolkata
G8-505,Hyderabad,Kolkata
SG-3239,Hyderabad,Kolkata
6E-6007,Hyderabad,Chennai
6E-514,Hyderabad,Chennai
I5-1518,Hyderabad,Chennai
6E-438,Hyderabad,Chennai
6E-6216,Hyderabad,Chennai
6E-626,Hyderabad,Chennai
6E-793,Hyderabad,Chennai
6E-7298,Hyderabad,Chennai
UK-880,Hyderabad,Chennai
AI-840,Hyderabad,Chennai
I5-510,Hyderabad,Chennai
AI-9893,Hyderabad,Chennai
6E-531,Hyderabad,Chennai
6E-6151,Hyderabad,Chennai
AI-698,Hyderabad,Chennai
6E-6066,Hyderabad,Chennai
6E-413,Hyderabad,Chennai
6E-743,Hyderabad,Chennai
6E-827,Hyderabad,Chennai
6E-6591,Hyderabad,Chennai
6E-6366,Hyderabad,Chennai
6E-905,Hyderabad,Chennai
UK-876,Hyderabad,Chennai
UK-870,Hyderabad,Chennai
UK-890,Hyderabad,Chennai
AI-9885,Hyderabad,Chennai
UK-860,Hyderabad,Chennai
6E-7062,Hyderabad,Chennai
6E-752,Hyderabad,Chennai
6E-7118,Hyderabad,Chennai
SG-732,Hyderabad,Chennai
AI-541,Hyderabad,Chennai
AI-525,Hyderabad,Chennai
UK-830,Hyderabad,Chennai
AI-507,Hyderabad,Chennai
AI-543,Hyderabad,Chennai
AI-9891,Hyderabad,Chennai
I5-974,Hyderabad,Chennai
UK-878,Hyderabad,Chennai
AI-838,Hyderabad,Chennai
UK-874,Hyderabad,Chennai
UK-894,Hyderabad,Chennai
UK-898,Hyderabad,Chennai
AI-559,Hyderabad,Chennai
6E-157,Hyderabad,Chennai
6E-285,Hyderabad,Chennai
6E-7224,Hyderabad,Chennai
6E-879,Hyderabad,Chennai
6E-371,Hyderabad,Chennai
6E-6319,Hyderabad,Chennai
UK-659,Hyderabad,Chennai
SG-6018,Hyderabad,Chennai
G8-503,Hyderabad,Chennai
AI-420,Hyderabad,Chennai
6E-668,Hyderabad,Chennai
6E-102,Hyderabad,Chennai
AI-616,Hyderabad,Chennai
6E-7201,Hyderabad,Chennai
6E-121,Hyderabad,Chennai
6E-882,Hyderabad,Chennai
6E-208,Hyderabad,Chennai
6E-6211,Hyderabad,Chennai
6E-6174,Hyderabad,Chennai
AI-546,Hyderabad,Chennai
6E-6781,Hyderabad,Chennai
AI-620,Hyderabad,Chennai
AI-780,Hyderabad,Chennai
G8-551,Hyderabad,Chennai
6E-7221,Hyderabad,Chennai
6E-7293,Hyderabad,Chennai
AI-9518,Hyderabad,Chennai
6E-2752,Chennai,Delhi
6E-613,Chennai,Delhi
AI-539,Chennai,Delhi
SG-612,Chennai,Delhi
SG-4010,Chennai,Delhi
6E-847,Chennai,Delhi
6E-605,Chennai,Delhi
6E-6137,Chennai,Delhi
UK-838,Chennai,Delhi
AI-538,Chennai,Delhi
6E-5002,Chennai,Delhi
6E-2065,Chennai,Delhi
AI-766,Chennai,Delhi
UK-836,Chennai,Delhi
6E-591,Chennai,Delhi
6E-269,Chennai,Delhi
I5-319,Chennai,Delhi
UK-832,Chennai,Delhi
6E-5038,Chennai,Delhi
6E-2062,Chennai,Delhi
SG-520,Chennai,Delhi
6E-6219,Chennai,Delhi
SG-678,Chennai,Delhi
6E-6006,Chennai,Delhi
AI-430,Chennai,Delhi
AI-549,Chennai,Delhi
AI-9894,Chennai,Delhi
AI-440,Chennai,Delhi
AI-672,Chennai,Delhi
6E-495,Chennai,Delhi
SG-8108,Chennai,Delhi
I5-1229,Chennai,Delhi
I5-5205,Chennai,Delhi
SG-329,Chennai,Delhi
I5-517,Chennai,Delhi
SG-8104,Chennai,Delhi
6E-515,Chennai,Delhi
SG-731,Chennai,Delhi
AI-569,Chennai,Delhi
UK-834,Chennai,Delhi
UK-822,Chennai,Delhi
AI-429,Chennai,Delhi
UK-824,Chennai,Delhi
SG-1057,Chennai,Delhi
6E-796,Chennai,Delhi
UK-826,Chennai,Delhi
UK-828,Chennai,Delhi
6E-6567,Chennai,Delhi
6E-193,Chennai,Delhi
6E-6113,Chennai,Delhi
6E-6217,Chennai,Delhi
6E-489,Chennai,Delhi
I5-821,Chennai,Delhi
I5-2461,Chennai,Delhi
I5-1228,Chennai,Delhi
G8-302,Chennai,Delhi
G8-304,Chennai,Delhi
G8-505,Chennai,Delhi
I5-1531,Chennai,Delhi
I5-557,Chennai,Delhi
SG-1054,Chennai,Delhi
I5-1727,Chennai,Delhi
G8-451,Chennai,Delhi
6E-6215,Chennai,Delhi
6E-562,Chennai,Delhi
6E-319,Chennai,Delhi
AI-671,Chennai,Delhi
6E-917,Chennai,Delhi
6E-156,Chennai,Delhi
I5-2462,Chennai,Delhi
I5-1530,Chennai,Delhi
I5-361,Chennai,Delhi
G8-504,Chennai,Delhi
6E-998,Chennai,Delhi
6E-6309,Chennai,Delhi
6E-581,Chennai,Delhi
AI-545,Chennai,Delhi
6E-6815,Chennai,Delhi
G8-911,Chennai,Delhi
6E-384,Chennai,Delhi
6E-7195,Chennai,Delhi
SG-395,Chennai,Delhi
G8-917,Chennai,Delhi
6E-2007,Chennai,Delhi
AI-551,Chennai,Delhi
AI-563,Chennai,Delhi
6E-588,Chennai,Mumbai
6E-126,Chennai,Mumbai
6E-5367,Chennai,Mumbai
6E-5347,Chennai,Mumbai
AI-539,Chennai,Mumbai
SG-612,Chennai,Mumbai
SG-4010,Chennai,Mumbai
6E-7288,Chennai,Mumbai
6E-847,Chennai,Mumbai
6E-5394,Chennai,Mumbai
I5-1228,Chennai,Mumbai
6E-188,Chennai,Mumbai
SG-678,Chennai,Mumbai
SG-520,Chennai,Mumbai
AI-538,Chennai,Mumbai
6E-6111,Chennai,Mumbai
AI-766,Chennai,Mumbai
6E-6006,Chennai,Mumbai
UK-838,Chennai,Mumbai
6E-929,Chennai,Mumbai
AI-672,Chennai,Mumbai
6E-605,Chennai,Mumbai
AI-9894,Chennai,Mumbai
6E-782,Chennai,Mumbai
6E-6137,Chennai,Mumbai
UK-836,Chennai,Mumbai
UK-834,Chennai,Mumbai
AI-429,Chennai,Mumbai
AI-549,Chennai,Mumbai
UK-832,Chennai,Mumbai
6E-269,Chennai,Mumbai
AI-430,Chennai,Mumbai
6E-591,Chennai,Mumbai
AI-440,Chennai,Mumbai
AI-569,Chennai,Mumbai
6E-156,Chennai,Mumbai
UK-822,Chennai,Mumbai
6E-193,Chennai,Mumbai
6E-495,Chennai,Mumbai
UK-824,Chennai,Mumbai
UK-826,Chennai,Mumbai
SG-6006,Chennai,Mumbai
SG-6005,Chennai,Mumbai
UK-828,Chennai,Mumbai
6E-5331,Chennai,Mumbai
6E-6113,Chennai,Mumbai
6E-6217,Chennai,Mumbai
6E-927,Chennai,Mumbai
I5-1229,Chennai,Mumbai
I5-821,Chennai,Mumbai
6E-489,Chennai,Mumbai
I5-5205,Chennai,Mumbai
G8-302,Chennai,Mumbai
G8-304,Chennai,Mumbai
I5-1531,Chennai,Mumbai
G8-9110,Chennai,Mumbai
I5-1727,Chennai,Mumbai
6E-5325,Chennai,Mumbai
6E-6215,Chennai,Mumbai
6E-562,Chennai,Mumbai
6E-7084,Chennai,Mumbai
6E-917,Chennai,Mumbai
6E-384,Chennai,Mumbai
6E-7193,Chennai,Mumbai
I5-2462,Chennai,Mumbai
6E-6095,Chennai,Mumbai
6E-274,Chennai,Mumbai
6E-5382,Chennai,Mumbai
6E-727,Chennai,Mumbai
AI-545,Chennai,Mumbai
G8-917,Chennai,Mumbai
6E-7329,Chennai,Mumbai
G8-911,Chennai,Mumbai
AI-509,Chennai,Mumbai
AI-563,Chennai,Mumbai
6E-365,Chennai,Bangalore
6E-847,Chennai,Bangalore
6E-7587,Chennai,Bangalore
AI-538,Chennai,Bangalore
AI-539,Chennai,Bangalore
SG-4010,Chennai,Bangalore
6E-6137,Chennai,Bangalore
I5-1229,Chennai,Bangalore
AI-9894,Chennai,Bangalore
UK-838,Chennai,Bangalore
UK-822,Chennai,Bangalore
UK-836,Chennai,Bangalore
UK-834,Chennai,Bangalore
AI-766,Chennai,Bangalore
UK-832,Chennai,Bangalore
AI-672,Chennai,Bangalore
AI-440,Chennai,Bangalore
AI-430,Chennai,Bangalore
AI-429,Chennai,Bangalore
I5-5205,Chennai,Bangalore
6E-605,Chennai,Bangalore
G8-305,Chennai,Bangalore
AI-569,Chennai,Bangalore
UK-824,Chennai,Bangalore
UK-826,Chennai,Bangalore
UK-828,Chennai,Bangalore
SG-1032,Chennai,Bangalore
6E-6113,Chennai,Bangalore
6E-489,Chennai,Bangalore
6E-881,Chennai,Bangalore
6E-927,Chennai,Bangalore
I5-821,Chennai,Bangalore
I5-1531,Chennai,Bangalore
G8-505,Chennai,Bangalore
G8-451,Chennai,Bangalore
G8-304,Chennai,Bangalore
G8-302,Chennai,Bangalore
I5-1727,Chennai,Bangalore
6E-987,Chennai,Bangalore
6E-477,Chennai,Bangalore
6E-327,Chennai,Bangalore
6E-6381,Chennai,Bangalore
6E-574,Chennai,Bangalore
I5-2462,Chennai,Bangalore
AI-545,Chennai,Bangalore
6E-7149,Chennai,Bangalore
6E-7589,Chennai,Bangalore
AI-509,Chennai,Bangalore
G8-911,Chennai,Bangalore
AI-563,Chennai,Bangalore
6E-6016,Chennai,Kolkata
6E-606,Chennai,Kolkata
6E-183,Chennai,Kolkata
AI-539,Chennai,Kolkata
AI-766,Chennai,Kolkata
SG-388,Chennai,Kolkata
I5-319,Chennai,Kolkata
6E-539,Chennai,Kolkata
6E-5347,Chennai,Kolkata
6E-321,Chennai,Kolkata
6E-269,Chennai,Kolkata
6E-156,Chennai,Kolkata
6E-495,Chennai,Kolkata
6E-591,Chennai,Kolkata
6E-6326,Chennai,Kolkata
UK-838,Chennai,Kolkata
AI-538,Chennai,Kolkata
AI-569,Chennai,Kolkata
UK-836,Chennai,Kolkata
I5-517,Chennai,Kolkata
6E-6006,Chennai,Kolkata
6E-2065,Chennai,Kolkata
6E-515,Chennai,Kolkata
UK-832,Chennai,Kolkata
UK-822,Chennai,Kolkata
SG-731,Chennai,Kolkata
AI-430,Chennai,Kolkata
AI-672,Chennai,Kolkata
AI-440,Chennai,Kolkata
6E-5038,Chennai,Kolkata
I5-5205,Chennai,Kolkata
SG-4010,Chennai,Kolkata
6E-2685,Chennai,Kolkata
6E-502,Chennai,Kolkata
6E-2752,Chennai,Kolkata
G8-305,Chennai,Kolkata
6E-613,Chennai,Kolkata
6E-605,Chennai,Kolkata
6E-848,Chennai,Kolkata
6E-6213,Chennai,Kolkata
6E-126,Chennai,Kolkata
6E-5367,Chennai,Kolkata
6E-929,Chennai,Kolkata
6E-847,Chennai,Kolkata
I5-1229,Chennai,Kolkata
6E-6137,Chennai,Kolkata
6E-244,Chennai,Kolkata
6E-2062,Chennai,Kolkata
6E-6111,Chennai,Kolkata
6E-5002,Chennai,Kolkata
AI-9894,Chennai,Kolkata
UK-834,Chennai,Kolkata
UK-824,Chennai,Kolkata
6E-5394,Chennai,Kolkata
SG-5068,Chennai,Kolkata
UK-826,Chennai,Kolkata
AI-551,Chennai,Kolkata
UK-828,Chennai,Kolkata
6E-6113,Chennai,Kolkata
6E-401,Chennai,Kolkata
SG-6016,Chennai,Kolkata
6E-6217,Chennai,Kolkata
6E-6567,Chennai,Kolkata
6E-796,Chennai,Kolkata
6E-5331,Chennai,Kolkata
6E-489,Chennai,Kolkata
I5-821,Chennai,Kolkata
I5-557,Chennai,Kolkata
I5-1531,Chennai,Kolkata
G8-505,Chennai,Kolkata
G8-451,Chennai,Kolkata
G8-304,Chennai,Kolkata
G8-302,Chennai,Kolkata
I5-1727,Chennai,Kolkata
6E-193,Chennai,Kolkata
6E-562,Chennai,Kolkata
6E-5325,Chennai,Kolkata
6E-917,Chennai,Kolkata
6E-561,Chennai,Kolkata
6E-6183,Chennai,Kolkata
6E-6897,Chennai,Kolkata
6E-298,Chennai,Kolkata
I5-361,Chennai,Kolkata
6E-6215,Chennai,Kolkata
I5-2462,Chennai,Kolkata
AI-545,Chennai,Kolkata
6E-6095,Chennai,Kolkata
6E-581,Chennai,Kolkata
6E-973,Chennai,Kolkata
6E-105,Chennai,Kolkata
6E-611,Chennai,Kolkata
6E-384,Chennai,Kolkata
AI-563,Chennai,Kolkata
6E-193,Chennai,Hyderabad
6E-6006,Chennai,Hyderabad
SG-4010,Chennai,Hyderabad
6E-365,Chennai,Hyderabad
6E-847,Chennai,Hyderabad
SG-731,Chennai,Hyderabad
6E-156,Chennai,Hyderabad
6E-588,Chennai,Hyderabad
6E-269,Chennai,Hyderabad
AI-9894,Chennai,Hyderabad
6E-6137,Chennai,Hyderabad
6E-591,Chennai,Hyderabad
6E-495,Chennai,Hyderabad
I5-517,Chennai,Hyderabad
6E-7261,Chennai,Hyderabad
6E-7216,Chennai,Hyderabad
6E-6219,Chennai,Hyderabad
AI-569,Chennai,Hyderabad
UK-838,Chennai,Hyderabad
AI-538,Chennai,Hyderabad
UK-836,Chennai,Hyderabad
AI-672,Chennai,Hyderabad
UK-832,Chennai,Hyderabad
AI-539,Chennai,Hyderabad
AI-430,Chennai,Hyderabad
AI-440,Chennai,Hyderabad
6E-605,Chennai,Hyderabad
6E-782,Chennai,Hyderabad
6E-7185,Chennai,Hyderabad
6E-804,Chennai,Hyderabad
6E-7183,Chennai,Hyderabad
UK-822,Chennai,Hyderabad
UK-834,Chennai,Hyderabad
UK-824,Chennai,Hyderabad
AI-766,Chennai,Hyderabad
SG-6017,Chennai,Hyderabad
6E-6217,Chennai,Hyderabad
UK-826,Chennai,Hyderabad
UK-828,Chennai,Hyderabad
6E-6113,Chennai,Hyderabad
6E-7149,Chennai,Hyderabad
6E-489,Chennai,Hyderabad
I5-821,Chennai,Hyderabad
G8-505,Chennai,Hyderabad
I5-1531,Chennai,Hyderabad
I5-1727,Chennai,Hyderabad
6E-6215,Chennai,Hyderabad
6E-562,Chennai,Hyderabad
6E-7208,Chennai,Hyderabad
AI-429,Chennai,Hyderabad
G8-504,Chennai,Hyderabad
6E-7252,Chennai,Hyderabad
6E-611,Chennai,Hyderabad
6E-7141,Chennai,Hyderabad
6E-557,Chennai,Hyderabad
6E-7193,Chennai,Hyderabad
6E-581,Chennai,Hyderabad
6E-384,Chennai,Hyderabad
I5-1229,Chennai,Hyderabad
I5-2462,Chennai,Hyderabad
AI-545,Chennai,Hyderabad
G8-911,Chennai,Hyderabad
6E-7589,Chennai,Hyderabad
6E-7127,Chennai,Hyderabad
6E-7259,Chennai,Hyderabad
AI-563,Chennai,Hyderabad
AI-433,Delhi,Mumbai
UK-809,Delhi,Kolkata
UK-655,Mumbai,Bangalore
